#cycle; #nombre morts; #taux global occupation; #distance global terroriste; #duree evenement
0; 0; 34.333333333333336; 0.0; 0.0
1; 0; 34.333333333333336; 0.0; 3.164
2; 0; 34.333333333333336; 24.99834462724769; 3.46
3; 2; 33.666666666666664; 23.78825205781513; 3.67
4; 3; 33.333333333333336; 22.794221600950006; 5.299
5; 3; 33.333333333333336; 21.80095767223254; 5.742
6; 4; 33.0; 21.480105237769738; 6.04
7; 4; 33.0; 20.994502112743188; 6.652
8; 4; 33.0; 20.828994469392452; 7.618
9; 4; 33.0; 23.182779444943787; 7.97
10; 6; 32.333333333333336; 22.548986915272476; 8.216
11; 7; 32.0; 22.2156779204244; 9.447
12; 7; 32.0; 23.69278230117524; 10.192
13; 8; 31.666666666666668; 24.983351289009835; 10.411
14; 8; 31.666666666666668; 24.33612840441188; 10.621
15; 8; 31.666666666666668; 23.98224631909436; 12.743
16; 8; 31.666666666666668; 25.44915842712273; 13.212
17; 9; 31.333333333333332; 25.566042753125; 13.837
18; 10; 31.0; 25.368367416500828; 14.648
19; 10; 31.0; 28.312574988813903; 15.801
20; 10; 31.0; 30.95604185197968; 16.178
21; 10; 31.0; 30.330935392744323; 16.655
22; 10; 31.0; 29.932757001242734; 17.464
23; 10; 31.0; 31.86608219125186; 18.125
24; 10; 31.0; 31.174125626047527; 18.523
25; 11; 30.666666666666668; 30.325862717203496; 19.026
26; 11; 30.666666666666668; 29.441060479020802; 19.398
27; 11; 30.666666666666668; 28.594470917185408; 19.95
28; 11; 30.666666666666668; 27.760113165954568; 20.33
29; 11; 30.666666666666668; 27.533477484478507; 20.888
30; 11; 30.666666666666668; 28.017359619759755; 21.41
31; 11; 30.666666666666668; 28.727178389941844; 21.999
32; 12; 30.333333333333332; 29.308874214784677; 22.427
33; 12; 30.333333333333332; 29.935977847691134; 23.459
34; 12; 30.333333333333332; 30.604864100228095; 23.997
35; 12; 30.333333333333332; 30.562981088356892; 24.668
36; 12; 30.333333333333332; 30.14284651852159; 25.22
37; 12; 30.333333333333332; 30.26838210962627; 26.052
38; 12; 30.333333333333332; 30.613500393145895; 26.657
39; 14; 29.666666666666668; 30.741954446522602; 27.047
40; 14; 29.666666666666668; 30.848319976166692; 27.428
41; 14; 29.666666666666668; 30.93675032345962; 27.816
42; 14; 29.666666666666668; 31.057043702044766; 28.222
43; 14; 29.666666666666668; 30.217111212541965; 28.652
44; 14; 29.666666666666668; 30.34043172511701; 29.532
45; 14; 29.666666666666668; 34.72082526923732; 30.0
46; 16; 29.0; 34.84692483775361; 30.547
47; 16; 29.0; 34.9560217376773; 30.967
48; 16; 29.0; 35.05475992128092; 31.355
49; 16; 29.0; 35.17932089602272; 31.824
50; 16; 29.0; 34.62774743284214; 32.233
51; 16; 29.0; 34.751990187674245; 33.311
52; 16; 29.0; 36.54026655986704; 33.723
53; 17; 28.666666666666668; 36.32561586725986; 34.079
54; 17; 28.666666666666668; 36.127419896225774; 34.449
55; 17; 28.666666666666668; 35.93142644381201; 34.787
56; 17; 28.666666666666668; 35.79217866564302; 35.151
57; 17; 28.666666666666668; 35.17995983123439; 35.521
58; 17; 28.666666666666668; 35.10464038653524; 36.05
59; 17; 28.666666666666668; 35.22525794008241; 36.427
60; 19; 28.0; 35.52156514385914; 36.769
61; 19; 28.0; 35.841504737085124; 37.105
62; 19; 28.0; 36.1831737402864; 37.438
63; 19; 28.0; 36.54475858054485; 37.779
64; 19; 28.0; 36.17913973578779; 38.157
65; 19; 28.0; 36.33862496458682; 39.361
66; 19; 28.0; 34.391185205236575; 39.762
67; 21; 27.333333333333332; 34.55102781749245; 40.133
68; 21; 27.333333333333332; 34.711039398271275; 40.499
69; 21; 27.333333333333332; 34.87121387042339; 40.867
70; 21; 27.333333333333332; 35.031545439019546; 41.231
71; 21; 27.333333333333332; 34.523275363263075; 41.623
72; 21; 27.333333333333332; 34.683904790584755; 42.78
73; 21; 27.333333333333332; 33.57314889045187; 43.19
74; 23; 26.666666666666668; 33.73405600609539; 43.512
75; 23; 26.666666666666668; 34.01493538446516; 43.886
76; 23; 26.666666666666668; 34.42582340067913; 44.207
77; 23; 26.666666666666668; 34.84931271353566; 44.507
78; 23; 26.666666666666668; 35.301674983195305; 44.84
79; 23; 26.666666666666668; 35.60569614319422; 45.648
80; 23; 26.666666666666668; 41.14245424753042; 45.998
81; 25; 26.0; 41.44959961384928; 46.285
82; 25; 26.0; 41.38180744665235; 46.623
83; 25; 26.0; 41.48496450824964; 46.96
84; 25; 26.0; 41.7814988641199; 47.301
85; 25; 26.0; 41.06646223302398; 47.649
86; 25; 26.0; 40.723613758528785; 48.352
87; 25; 26.0; 39.08093735272579; 49.058
88; 27; 25.333333333333332; 22.48237007325824; 49.405
89; 28; 25.0; 22.48237007325824; 49.721
90; 28; 25.0; 22.48237007325824; 50.04
91; 28; 25.0; 22.48237007325824; 50.358
92; 28; 25.0; 21.701357271385195; 50.698
93; 28; 25.0; 21.868023938051863; 51.29
94; 28; 25.0; 22.13421738054825; 51.848
95; 30; 24.333333333333332; 25.470738653448944; 52.187
96; 30; 24.333333333333332; 25.304505284894702; 52.559
97; 31; 24.0; 25.304505284894702; 52.832
98; 31; 24.0; 25.304505284894702; 53.129
99; 31; 24.0; 24.755043628604344; 53.43
100; 31; 24.0; 24.755043628604344; 53.889
101; 31; 24.0; 22.482563538593112; 54.181
102; 33; 23.333333333333332; 22.482563538593112; 54.59
103; 33; 23.333333333333332; 19.588451839431375; 54.835
104; 34; 23.0; 19.588451839431375; 55.084
105; 34; 23.0; 19.588451839431375; 55.321
106; 34; 23.0; 19.739499783734434; 55.586
107; 34; 23.0; 19.739499783734434; 56.009
108; 34; 23.0; 42.001934442302606; 56.324
109; 35; 22.666666666666668; 42.001934442302606; 56.76
110; 35; 22.666666666666668; 55.099620029957556; 57.086
111; 35; 22.666666666666668; 55.0827891958073; 57.411
112; 35; 22.666666666666668; 55.0827811081356; 57.754
113; 35; 22.666666666666668; 54.48564458174091; 58.078
114; 35; 22.666666666666668; 54.48564458174091; 58.51
115; 35; 22.666666666666668; 54.91630910440409; 58.82
116; 36; 22.333333333333332; 54.91630910440409; 59.106
117; 36; 22.333333333333332; 54.91630910440409; 59.426
118; 36; 22.333333333333332; 54.91630910440409; 59.694
119; 36; 22.333333333333332; 54.91630910440409; 59.963
120; 36; 22.333333333333332; 54.99800645353423; 60.262
121; 36; 22.333333333333332; 54.99800645353423; 60.635
122; 36; 22.333333333333332; 60.43814698209809; 60.918
123; 36; 22.333333333333332; 60.60282551385726; 61.199
124; 36; 22.333333333333332; 60.76760176692655; 61.485
125; 36; 22.333333333333332; 60.932468746574536; 61.734
126; 36; 22.333333333333332; 61.0974201067398; 62.002
127; 36; 22.333333333333332; 61.26245007690511; 62.275
128; 36; 22.333333333333332; 61.42755339859915; 62.532
129; 36; 22.333333333333332; 61.59272527008509; 62.813
130; 36; 22.333333333333332; 61.757961298036456; 63.054
131; 36; 22.333333333333332; 61.92325745519573; 63.3
132; 36; 22.333333333333332; 61.854524506066326; 63.551
133; 36; 22.333333333333332; 61.32105646053546; 63.814
134; 36; 22.333333333333332; 60.55502024362747; 64.068
135; 36; 22.333333333333332; 59.56423080112152; 64.321
136; 36; 22.333333333333332; 58.35030960258519; 64.551
137; 36; 22.333333333333332; 57.14429241074698; 64.777
138; 36; 22.333333333333332; 55.949149348984804; 65.013
139; 36; 22.333333333333332; 54.76954322664383; 65.232
140; 36; 22.333333333333332; 53.613214304293486; 65.444
141; 36; 22.333333333333332; 51.996857878784745; 65.668
142; 36; 22.333333333333332; 51.19660303227434; 66.062
143; 36; 22.333333333333332; 45.949763711904126; 66.315
144; 36; 22.333333333333332; 45.02607965583085; 66.524
145; 36; 22.333333333333332; 44.430842059653266; 66.717
146; 36; 22.333333333333332; 43.83923032811607; 66.909
147; 36; 22.333333333333332; 43.25389869295001; 67.1
148; 36; 22.333333333333332; 43.01879846704306; 67.305
149; 36; 22.333333333333332; 42.45403303996846; 67.506
150; 37; 22.0; 42.45403303996846; 67.752
151; 37; 22.0; 42.45403303996846; 67.929
152; 37; 22.0; 42.45403303996846; 68.113
153; 37; 22.0; 42.10994827069815; 68.311
154; 37; 22.0; 41.33061243161717; 68.497
155; 37; 22.0; 41.28730648168659; 68.807
156; 37; 22.0; 43.99914418551118; 69.026
157; 38; 21.666666666666668; 43.68547083517259; 69.229
158; 38; 21.666666666666668; 42.990236432860605; 69.451
159; 38; 21.666666666666668; 42.29678442588784; 69.666
160; 38; 21.666666666666668; 41.027521555596884; 69.914
161; 38; 21.666666666666668; 39.56334967218475; 70.129
162; 39; 21.333333333333332; 38.56775830838089; 70.457
163; 39; 21.333333333333332; 38.2108929328291; 70.944
164; 40; 21.0; 27.12801676734334; 71.362
165; 42; 20.333333333333332; 17.114346024599627; 71.509
166; 42; 20.333333333333332; 16.675599997809947; 71.848
167; 42; 20.333333333333332; 23.941716454435905; 72.138
168; 42; 20.333333333333332; 30.752763375491256; 72.38
169; 42; 20.333333333333332; 30.44887341709649; 72.788
170; 42; 20.333333333333332; 45.79980072877289; 73.088
171; 42; 20.333333333333332; 58.711223345802495; 73.283
172; 43; 20.0; 58.669990360761915; 73.459
173; 43; 20.0; 58.40663175926904; 73.612
174; 43; 20.0; 57.50542793070553; 73.782
175; 43; 20.0; 56.39964685480311; 73.953
176; 43; 20.0; 54.65570923174164; 74.118
177; 43; 20.0; 53.955052133655705; 74.302
178; 43; 20.0; 52.23661146597945; 74.545
179; 44; 19.666666666666668; 52.17251599692246; 74.696
180; 44; 19.666666666666668; 50.60932056817456; 74.864
181; 44; 19.666666666666668; 49.48260224836519; 75.017
182; 44; 19.666666666666668; 47.771397476294446; 75.168
183; 44; 19.666666666666668; 46.273616546754; 75.32
184; 44; 19.666666666666668; 44.8036564061452; 75.506
185; 44; 19.666666666666668; 43.65608082450779; 75.638
186; 45; 19.333333333333332; 42.28426931855066; 75.774
187; 46; 19.0; 42.62858952129639; 75.884
188; 46; 19.0; 43.02546004119787; 75.997
189; 46; 19.0; 43.11126973545717; 76.133
190; 46; 19.0; 43.14689062417481; 76.264
191; 46; 19.0; 42.12613737094141; 76.426
192; 46; 19.0; 42.07796654255794; 76.763
193; 47; 18.666666666666668; 39.38856901840935; 76.903
194; 48; 18.333333333333332; 39.0697700165671; 77.038
195; 48; 18.333333333333332; 38.671608514807424; 77.166
196; 48; 18.333333333333332; 38.13493595013285; 77.279
197; 48; 18.333333333333332; 37.2850436851109; 77.417
198; 48; 18.333333333333332; 36.26640018499739; 77.592
199; 48; 18.333333333333332; 37.707403026622536; 78.017
200; 48; 18.333333333333332; 54.98055521295239; 78.161
201; 49; 18.0; 53.89903239925155; 78.304
202; 49; 18.0; 52.27218694747817; 78.428
203; 49; 18.0; 51.88329375861824; 78.814
204; 49; 18.0; 53.79524056742067; 78.969
205; 49; 18.0; 51.41079210338961; 79.111
206; 49; 18.0; 49.674597770144224; 79.286
207; 49; 18.0; 51.178795406583134; 79.426
208; 49; 18.0; 49.19015707748673; 79.636
209; 49; 18.0; 47.21619640964025; 79.78
210; 49; 18.0; 45.25231701458197; 80.016
211; 49; 18.0; 43.61030211740182; 80.293
212; 50; 17.666666666666668; 42.69178635331158; 80.524
213; 50; 17.666666666666668; 49.293375149086835; 80.674
214; 50; 17.666666666666668; 48.7599147173003; 80.939
215; 50; 17.666666666666668; 48.953580361780645; 81.115
216; 50; 17.666666666666668; 47.611478623171415; 81.272
217; 51; 17.333333333333332; 46.85202972931622; 81.479
218; 52; 17.0; 52.75340039576539; 81.703
219; 52; 17.0; 65.97425949132192; 81.882
220; 52; 17.0; 66.48514001308091; 82.02
221; 52; 17.0; 63.84022225508849; 82.175
222; 52; 17.0; 61.180090990328644; 82.392
223; 52; 17.0; 62.447255767996516; 82.578
224; 52; 17.0; 56.979970196865104; 82.731
225; 53; 16.666666666666668; 53.548129590542636; 82.852
226; 53; 16.666666666666668; 52.52722485856268; 83.031
227; 53; 16.666666666666668; 56.44861791739831; 83.327
228; 53; 16.666666666666668; 71.29070152024848; 83.469
229; 53; 16.666666666666668; 69.63274559749976; 83.637
230; 53; 16.666666666666668; 68.2303232976211; 83.826
231; 53; 16.666666666666668; 71.05231296808022; 83.979
232; 54; 16.333333333333332; 71.79069645626326; 84.109
233; 54; 16.333333333333332; 70.64312049730601; 84.284
234; 54; 16.333333333333332; 74.25750231860445; 84.605
235; 54; 16.333333333333332; 89.1717756991189; 84.771
236; 54; 16.333333333333332; 89.07649165432629; 84.958
237; 54; 16.333333333333332; 89.35530364655523; 85.218
238; 54; 16.333333333333332; 94.43225035053761; 85.407
239; 54; 16.333333333333332; 94.23356722730153; 85.573
240; 54; 16.333333333333332; 94.59710333423533; 85.76
241; 54; 16.333333333333332; 94.46488930876053; 86.294
242; 54; 16.333333333333332; 94.46488930876053; 86.702
243; 54; 16.333333333333332; 18.00543215119973; 86.833
244; 54; 16.333333333333332; 16.62380868712131; 86.963
245; 54; 16.333333333333332; 15.25796518055325; 87.145
246; 54; 16.333333333333332; 13.57173463046282; 87.276
247; 54; 16.333333333333332; 12.229793461589574; 87.428
248; 54; 16.333333333333332; 10.943804046640956; 87.581
249; 54; 16.333333333333332; 12.500503150191946; 87.733
250; 54; 16.333333333333332; 11.382387692201418; 87.884
251; 54; 16.333333333333332; 10.347875894726297; 88.09
252; 54; 16.333333333333332; 14.340210595834096; 88.291
253; 54; 16.333333333333332; 12.524362484618587; 88.468
254; 54; 16.333333333333332; 11.266280391362207; 88.662
255; 54; 16.333333333333332; 10.021717435294688; 88.855
256; 54; 16.333333333333332; 8.9392589018994; 89.049
257; 54; 16.333333333333332; 7.998866372050457; 89.238
258; 54; 16.333333333333332; 7.291759590863909; 89.472
259; 54; 16.333333333333332; 12.616652659615331; 89.639
260; 54; 16.333333333333332; 11.785143948762686; 89.878
261; 54; 16.333333333333332; 26.701249959220842; 90.1
262; 54; 16.333333333333332; 37.96827608928786; 90.309
263; 54; 16.333333333333332; 36.30605707040901; 90.514
264; 54; 16.333333333333332; 34.65519811055517; 90.727
265; 54; 16.333333333333332; 33.01697924658752; 90.928
266; 54; 16.333333333333332; 31.392856047027937; 91.14
267; 54; 16.333333333333332; 29.784485176820912; 91.359
268; 54; 16.333333333333332; 28.193752962880122; 91.575
269; 54; 16.333333333333332; 26.622806797247833; 91.781
270; 54; 16.333333333333332; 25.069643269434184; 91.978
271; 54; 16.333333333333332; 23.531913435966143; 92.15
272; 54; 16.333333333333332; 22.006648585730318; 92.28
273; 54; 16.333333333333332; 20.49031270491256; 92.412
274; 54; 16.333333333333332; 19.339824466553626; 92.526
275; 54; 16.333333333333332; 17.904856856137616; 92.651
276; 54; 16.333333333333332; 16.58956009349113; 92.747
277; 54; 16.333333333333332; 15.608996062651167; 92.86
278; 54; 16.333333333333332; 14.901889281464621; 92.985
279; 54; 16.333333333333332; 13.79833589087135; 93.175
280; 54; 16.333333333333332; 15.110959096166413; 93.272
281; 54; 16.333333333333332; 20.578868985171862; 93.385
282; 54; 16.333333333333332; 18.924760131931944; 93.492
283; 54; 16.333333333333332; 17.284408269776467; 93.602
284; 54; 16.333333333333332; 15.663459286246317; 93.707
285; 54; 16.333333333333332; 14.070885268323087; 93.807
286; 54; 16.333333333333332; 12.645159627144038; 93.91
287; 54; 16.333333333333332; 15.181076207938851; 94.018
288; 54; 16.333333333333332; 13.588149416594014; 94.128
289; 54; 16.333333333333332; 12.000563571729822; 94.238
290; 54; 16.333333333333332; 10.421378936748367; 94.334
291; 54; 16.333333333333332; 9.005371971265136; 94.447
292; 54; 16.333333333333332; 7.692676559103648; 94.53
293; 54; 16.333333333333332; 6.580111686239458; 94.69
294; 54; 16.333333333333332; 11.241114363540227; 94.791
295; 54; 16.333333333333332; 10.592106475690107; 94.931
296; 54; 16.333333333333332; 9.279272816155935; 95.16
297; 54; 16.333333333333332; 13.318193725713249; 95.255
298; 54; 16.333333333333332; 12.363525961744266; 95.35
299; 54; 16.333333333333332; 11.760486991542889; 95.513
300; 54; 16.333333333333332; 13.681967919537819; 95.619
301; 54; 16.333333333333332; 11.892236655148745; 95.715
302; 54; 16.333333333333332; 13.488143187304543; 95.809
303; 54; 16.333333333333332; 12.669570590589984; 95.902
304; 54; 16.333333333333332; 28.696425525991987; 95.997
305; 54; 16.333333333333332; 26.803574078147083; 96.1
306; 54; 16.333333333333332; 24.93380743753549; 96.206
307; 54; 16.333333333333332; 23.08191278211469; 96.307
308; 54; 16.333333333333332; 21.239837407547835; 96.405
309; 54; 16.333333333333332; 19.410731263311575; 96.514
310; 54; 16.333333333333332; 17.59958742982794; 96.622
311; 54; 16.333333333333332; 15.972059094360716; 96.747
312; 54; 16.333333333333332; 17.63884549634513; 96.846
313; 54; 16.333333333333332; 15.839855900612624; 96.966
314; 54; 16.333333333333332; 14.169826036287384; 97.069
315; 54; 16.333333333333332; 12.527578281268418; 97.187
316; 54; 16.333333333333332; 10.970316107717148; 97.295
317; 54; 16.333333333333332; 9.86602215283999; 97.424
318; 54; 16.333333333333332; 7.986831617534272; 97.531
319; 54; 16.333333333333332; 6.494688226221324; 97.647
320; 54; 16.333333333333332; 8.752824152448168; 97.765
321; 54; 16.333333333333332; 7.661833740002269; 97.916
322; 54; 16.333333333333332; 10.627923616706552; 98.09
323; 54; 16.333333333333332; 9.734290784070199; 98.226
324; 54; 16.333333333333332; 10.47456569132996; 98.331
325; 54; 16.333333333333332; 10.872632003354207; 98.441
326; 54; 16.333333333333332; 17.82081875405194; 98.551
327; 54; 16.333333333333332; 19.878065119797018; 98.662
328; 54; 16.333333333333332; 18.126335036371827; 98.779
329; 54; 16.333333333333332; 16.399293064119288; 98.906
330; 54; 16.333333333333332; 14.688526449029228; 99.015
331; 54; 16.333333333333332; 13.000283948157316; 99.15
332; 54; 16.333333333333332; 11.502269042902645; 99.259
333; 54; 16.333333333333332; 12.667074171157827; 99.39
334; 54; 16.333333333333332; 11.205607564753459; 99.521
335; 54; 16.333333333333332; 9.837071483552633; 99.662
336; 54; 16.333333333333332; 12.244875861642235; 99.825
337; 54; 16.333333333333332; 10.876613195869936; 100.031
338; 54; 16.333333333333332; 12.791159131873185; 100.187
339; 54; 16.333333333333332; 11.111296154183405; 100.306
340; 54; 16.333333333333332; 9.44111682719164; 100.449
341; 54; 16.333333333333332; 8.58772947298615; 100.661
342; 54; 16.333333333333332; 7.875750652884352; 100.81
343; 54; 16.333333333333332; 10.846573896340944; 101.065
344; 54; 16.333333333333332; 30.358797005684163; 101.274
345; 54; 16.333333333333332; 39.71859183812186; 101.44
346; 54; 16.333333333333332; 39.94339202636576; 101.6
347; 54; 16.333333333333332; 39.78395366040038; 101.777
348; 54; 16.333333333333332; 39.34311166339158; 101.954
349; 54; 16.333333333333332; 39.96672682453397; 102.132
350; 54; 16.333333333333332; 51.163447460447884; 102.305
351; 54; 16.333333333333332; 51.376481634737274; 102.465
352; 54; 16.333333333333332; 50.19599850103569; 102.632
353; 54; 16.333333333333332; 49.22006075966888; 102.792
354; 54; 16.333333333333332; 48.18753995574945; 102.962
355; 54; 16.333333333333332; 47.14093572095135; 103.134
356; 54; 16.333333333333332; 52.35272539500506; 103.304
357; 54; 16.333333333333332; 51.45393657596376; 103.472
358; 54; 16.333333333333332; 50.64897803605417; 103.637
359; 54; 16.333333333333332; 49.89400817249453; 103.799
360; 54; 16.333333333333332; 49.09767274951577; 103.987
361; 54; 16.333333333333332; 47.42603533802654; 104.143
362; 54; 16.333333333333332; 45.68564547685398; 104.288
363; 54; 16.333333333333332; 43.439181034325635; 104.438
364; 54; 16.333333333333332; 41.302850669951155; 104.581
365; 54; 16.333333333333332; 40.05541015138382; 104.727
366; 54; 16.333333333333332; 37.36849111060331; 104.874
367; 54; 16.333333333333332; 34.55062292565489; 105.015
368; 54; 16.333333333333332; 37.71036354015049; 105.155
369; 54; 16.333333333333332; 34.74164343138642; 105.311
370; 54; 16.333333333333332; 32.10372736552438; 105.438
371; 54; 16.333333333333332; 29.496610862127024; 105.59
372; 54; 16.333333333333332; 26.574642384232316; 105.711
373; 54; 16.333333333333332; 23.68441914692161; 105.817
374; 54; 16.333333333333332; 21.296297818167947; 105.929
375; 54; 16.333333333333332; 18.66600583944419; 106.037
376; 54; 16.333333333333332; 16.337886446332593; 106.144
377; 54; 16.333333333333332; 14.343149727271722; 106.263
378; 54; 16.333333333333332; 12.352358382369859; 106.372
379; 54; 16.333333333333332; 10.548770476664425; 106.487
380; 54; 16.333333333333332; 9.11337277183187; 106.599
381; 54; 16.333333333333332; 6.3961799502286665; 106.706
382; 55; 16.0; 5.159565314406653; 106.817
383; 55; 16.0; 22.72997560428902; 106.915
384; 55; 16.0; 21.903974607574963; 107.023
385; 55; 16.0; 21.412327106531922; 107.185
386; 55; 16.0; 20.649267433021407; 107.311
387; 55; 16.0; 24.291806265805857; 107.507
388; 55; 16.0; 40.175490324814284; 107.653
389; 55; 16.0; 48.00509409514348; 107.754
390; 55; 16.0; 47.14457347378082; 107.878
391; 55; 16.0; 46.318116351635204; 107.991
392; 55; 16.0; 45.26867379947502; 108.106
393; 55; 16.0; 43.28463721960722; 108.215
394; 56; 15.666666666666666; 42.11067017037773; 108.317
395; 56; 15.666666666666666; 41.091023450321224; 108.42
396; 56; 15.666666666666666; 40.689344141386265; 108.533
397; 56; 15.666666666666666; 40.015820857644236; 108.633
398; 56; 15.666666666666666; 44.116090383853816; 108.74
399; 56; 15.666666666666666; 43.24708742462372; 108.885
400; 56; 15.666666666666666; 49.48565280746535; 109.012
401; 56; 15.666666666666666; 47.69368258440981; 109.296
402; 56; 15.666666666666666; 46.88997663370112; 109.527
403; 56; 15.666666666666666; 52.59522684680737; 109.633
404; 56; 15.666666666666666; 51.318230624689825; 109.746
405; 56; 15.666666666666666; 50.311014542684745; 109.86
406; 56; 15.666666666666666; 49.2706739552437; 109.949
407; 56; 15.666666666666666; 67.46490164056567; 110.107
408; 56; 15.666666666666666; 73.84359036723329; 110.219
409; 56; 15.666666666666666; 72.25970833653122; 110.337
410; 56; 15.666666666666666; 70.68236949007381; 110.455
411; 56; 15.666666666666666; 69.11216372122611; 110.582
412; 56; 15.666666666666666; 67.54977442432505; 110.696
413; 56; 15.666666666666666; 65.9960317205353; 110.828
414; 56; 15.666666666666666; 64.45208632318916; 110.939
415; 56; 15.666666666666666; 63.08469424695184; 111.062
416; 56; 15.666666666666666; 61.893614179765144; 111.177
417; 56; 15.666666666666666; 60.541153486768586; 111.303
418; 56; 15.666666666666666; 60.017734450919164; 111.413
419; 56; 15.666666666666666; 58.666060095405506; 111.542
420; 56; 15.666666666666666; 62.29250603907763; 111.67
421; 56; 15.666666666666666; 60.78928683831139; 111.792
422; 56; 15.666666666666666; 59.2871827070937; 111.909
423; 56; 15.666666666666666; 57.78642112772079; 112.034
424; 56; 15.666666666666666; 56.287294629851544; 112.156
425; 56; 15.666666666666666; 54.790185196101106; 112.28
426; 56; 15.666666666666666; 53.29560016178774; 112.4
427; 56; 15.666666666666666; 51.8042261641048; 112.528
428; 56; 15.666666666666666; 50.31701205684544; 112.656
429; 56; 15.666666666666666; 48.83529927115668; 112.787
430; 56; 15.666666666666666; 47.36103116608651; 112.903
431; 56; 15.666666666666666; 45.89709460814171; 113.024
432; 56; 15.666666666666666; 44.44787846525221; 113.153
433; 56; 15.666666666666666; 43.0201585197268; 113.275
434; 56; 15.666666666666666; 41.60631783399956; 113.391
435; 56; 15.666666666666666; 40.19256166555027; 113.517
436; 56; 15.666666666666666; 38.77892510713792; 113.632
437; 56; 15.666666666666666; 37.36546632202201; 113.755
438; 56; 15.666666666666666; 36.079894120249946; 113.869
439; 56; 15.666666666666666; 34.90290744713167; 113.996
440; 56; 15.666666666666666; 33.72688338784331; 114.17
441; 56; 15.666666666666666; 36.53266591548347; 114.292
442; 56; 15.666666666666666; 35.26695002043282; 114.405
443; 56; 15.666666666666666; 35.96373572206759; 114.532
444; 56; 15.666666666666666; 34.370428079701206; 114.651
445; 56; 15.666666666666666; 32.78059653029584; 114.77
446; 56; 15.666666666666666; 31.195537849526094; 114.891
447; 56; 15.666666666666666; 29.61735824312351; 115.008
448; 56; 15.666666666666666; 28.049891017662347; 115.144
449; 56; 15.666666666666666; 33.58885336683536; 115.261
450; 56; 15.666666666666666; 32.08185998877709; 115.391
451; 56; 15.666666666666666; 30.602137075312044; 115.517
452; 56; 15.666666666666666; 29.14239152654054; 115.636
453; 56; 15.666666666666666; 27.68754363536299; 115.769
454; 56; 15.666666666666666; 26.23825132004733; 115.901
455; 56; 15.666666666666666; 25.68270007216154; 116.037
456; 56; 15.666666666666666; 24.482672493571172; 116.155
457; 56; 15.666666666666666; 22.974999032071242; 116.287
458; 56; 15.666666666666666; 21.490236133584006; 116.413
459; 56; 15.666666666666666; 20.21082145106978; 116.546
460; 56; 15.666666666666666; 19.10268890813363; 116.672
461; 56; 15.666666666666666; 17.930256247872183; 116.789
462; 56; 15.666666666666666; 23.04456276147856; 116.926
463; 56; 15.666666666666666; 31.634938595256333; 117.039
464; 56; 15.666666666666666; 30.025511976296794; 117.163
465; 56; 15.666666666666666; 28.582756291186744; 117.279
466; 56; 15.666666666666666; 27.140005454866195; 117.408
467; 56; 15.666666666666666; 25.53059349298549; 117.538
468; 56; 15.666666666666666; 23.921187902892996; 117.658
469; 56; 15.666666666666666; 22.311789690013274; 117.776
470; 56; 15.666666666666666; 20.70240008300381; 117.907
471; 56; 15.666666666666666; 19.630447654190462; 118.012
472; 56; 15.666666666666666; 18.49248471108364; 118.121
473; 56; 15.666666666666666; 17.35453618926272; 118.286
474; 56; 15.666666666666666; 35.66733348526401; 118.403
475; 56; 15.666666666666666; 33.86275734767102; 118.539
476; 56; 15.666666666666666; 32.391541463690324; 118.653
477; 56; 15.666666666666666; 31.253693161783882; 118.778
478; 56; 15.666666666666666; 29.5768274820046; 118.895
479; 56; 15.666666666666666; 28.008118569583875; 119.015
480; 56; 15.666666666666666; 26.77282444704599; 119.149
481; 56; 15.666666666666666; 35.28214135300232; 119.26
482; 56; 15.666666666666666; 33.558883614663216; 119.379
483; 56; 15.666666666666666; 31.98278648896186; 119.484
484; 56; 15.666666666666666; 31.523846694566966; 119.592
485; 56; 15.666666666666666; 29.867733611316527; 119.683
486; 56; 15.666666666666666; 47.30639809393484; 119.807
487; 56; 15.666666666666666; 45.714125850011634; 119.912
488; 56; 15.666666666666666; 44.12434778125914; 120.055
489; 56; 15.666666666666666; 52.40366052923077; 120.164
490; 56; 15.666666666666666; 50.485917898985385; 120.277
491; 56; 15.666666666666666; 48.73773604880247; 120.385
492; 56; 15.666666666666666; 46.99260331353414; 120.48
493; 56; 15.666666666666666; 45.11225248829737; 120.6
494; 56; 15.333333333333334; 43.53444383886899; 120.687
495; 56; 15.333333333333334; 41.96006466194182; 120.804
496; 56; 15.333333333333334; 40.38933444296191; 120.903
497; 56; 15.333333333333334; 38.82249887316536; 121.013
498; 56; 15.333333333333334; 37.51460659675075; 121.101
499; 56; 15.333333333333334; 35.95134480211774; 121.211
500; 56; 15.333333333333334; 34.66166823763804; 121.296
501; 56; 15.333333333333334; 33.09579204229946; 121.406
502; 56; 15.333333333333334; 31.67348939649831; 121.497
503; 56; 15.333333333333334; 30.255390640277003; 121.602
504; 56; 15.333333333333334; 29.00277784491006; 121.699
505; 56; 15.333333333333334; 27.43380090726018; 121.791
506; 56; 14.666666666666666; 26.864015342965956; 121.88
507; 56; 14.666666666666666; 26.128320872449297; 121.982
508; 56; 14.666666666666666; 25.39262666158196; 122.072
509; 56; 14.666666666666666; 24.65693272356553; 122.166
510; 56; 14.666666666666666; 23.921239072511963; 122.24
511; 56; 14.666666666666666; 23.018879056856765; 122.327
512; 56; 14.666666666666666; 22.44985269278075; 122.412
513; 56; 14.666666666666666; 21.547493330974692; 122.486
514; 56; 14.666666666666666; 20.811800990081686; 122.574
515; 56; 14.666666666666666; 20.076109023485; 122.657
516; 56; 14.666666666666666; 19.50708411944338; 122.742
517; 56; 14.666666666666666; 18.771392967908874; 122.823
518; 56; 14.666666666666666; 18.035702260696127; 122.903
519; 56; 14.666666666666666; 17.1333453583391; 122.982
520; 56; 14.333333333333334; 16.89765562363817; 123.06
521; 56; 14.333333333333334; 16.32863308856788; 123.133
522; 56; 14.333333333333334; 15.926277787882773; 123.213
523; 56; 14.333333333333334; 15.690589759426222; 123.309
524; 56; 14.333333333333334; 15.121569044481381; 123.395
525; 56; 14.333333333333334; 14.719215688171076; 123.475
526; 56; 14.333333333333334; 14.316863073248149; 123.556
527; 56; 14.333333333333334; 13.914511253952668; 123.638
528; 56; 14.333333333333334; 13.678826956614367; 123.724
529; 56; 14.0; 13.443143580347742; 123.797
530; 56; 14.0; 13.207461197856853; 123.88
531; 56; 14.0; 12.971779889703962; 123.966
532; 56; 14.0; 12.736099745400645; 124.044
533; 56; 14.0; 12.500420864685902; 124.123
534; 56; 14.0; 12.264743359029728; 124.19
535; 56; 14.0; 12.029067353409976; 124.274
536; 56; 14.0; 11.793392988422235; 124.351
537; 56; 14.0; 11.55772042279792; 124.426
538; 56; 14.0; 11.32204983642571; 124.501
539; 56; 14.0; 11.086381433997895; 124.574
540; 56; 14.0; 10.850715449437617; 124.648
541; 56; 14.0; 10.615052151309436; 124.719
542; 56; 14.0; 10.379391849477765; 124.806
543; 56; 14.0; 10.143734903362308; 124.878
544; 56; 14.0; 9.908081732255985; 124.96
545; 56; 14.0; 9.67243282833248; 125.038
546; 56; 14.0; 9.436788773198478; 125.136
547; 56; 14.0; 9.201150259170982; 125.216
548; 56; 14.0; 8.965518116931703; 125.293
549; 56; 14.0; 8.729893351905204; 125.368
550; 56; 14.0; 8.494277192748948; 125.442
551; 56; 14.0; 8.25867115693523; 125.523
552; 56; 14.0; 8.02307714089059; 125.595
553; 56; 14.0; 7.787497546131854; 125.678
554; 56; 14.0; 7.551935459359825; 125.744
555; 56; 14.0; 7.316394915495683; 125.833
556; 56; 14.0; 7.080881291910505; 125.908
557; 56; 14.0; 6.84540191706624; 125.995
558; 56; 14.0; 6.609967043084382; 126.073
559; 56; 14.0; 6.374591463996993; 126.151
560; 56; 14.0; 6.139297341459105; 126.215
561; 56; 14.0; 5.904119436773267; 126.299
562; 56; 14.0; 5.669115530493866; 126.376
563; 56; 14.0; 5.434389200295992; 126.462
564; 56; 14.0; 5.200146187582615; 126.537
565; 56; 14.0; 4.966860438920219; 126.622
566; 56; 14.0; 4.966860438920219; 126.684
567; 56; 14.0; 4.966860438920219; 126.753
568; 56; 14.0; 4.966860438920219; 126.852
569; 56; 14.0; 14.833333333333334; 126.915
570; 56; 14.0; 14.5; 126.997
571; 56; 14.0; 14.333333333333334; 127.069
572; 56; 14.0; 14.166666666666666; 127.14
573; 56; 14.0; 13.833333333333334; 127.208
574; 56; 14.0; 13.5; 127.295
575; 56; 14.0; 13.166666666666666; 127.366
576; 56; 14.0; 12.833333333333334; 127.44
577; 56; 14.0; 12.5; 127.511
578; 56; 14.0; 12.166666666666666; 127.579
579; 56; 14.0; 11.833333333333334; 127.637
580; 56; 14.0; 11.5; 127.719
581; 56; 14.0; 11.166666666666666; 127.777
582; 56; 14.0; 10.833333333333334; 127.847
583; 56; 14.0; 10.5; 127.919
584; 56; 14.0; 10.166666666666666; 127.996
585; 56; 14.0; 9.833333333333334; 128.06
586; 56; 14.0; 9.5; 128.12
587; 56; 14.0; 9.166666666666666; 128.189
588; 56; 14.0; 8.833333333333334; 128.257
589; 56; 14.0; 8.5; 128.337
590; 56; 14.0; 8.166666666666666; 128.394
591; 56; 14.0; 7.833333333333333; 128.48
592; 56; 14.0; 7.5; 128.54
593; 56; 14.0; 7.166666666666667; 128.609
594; 56; 14.0; 6.833333333333333; 128.669
595; 56; 14.0; 6.5; 128.741
596; 56; 14.0; 6.166666666666667; 128.803
597; 56; 14.0; 5.833333333333333; 128.885
598; 56; 14.0; 5.5; 128.952
599; 56; 14.0; 5.166666666666667; 129.032
600; 56; 13.666666666666666; 5.166666666666667; 129.087
601; 56; 13.666666666666666; 5.166666666666667; 129.224
