#id; #coord; #cycle; 
0; {52.76272127995257,18.39666705606343,0.0}; 0
1; {56.114559146117074,102.04997581664155,0.0}; 0
2; {58.06881265673076,97.0209435763619,0.0}; 0
3; {57.9059473870636,105.57471533958791,0.0}; 0
4; {304.3465959767499,4.8307882049063515,0.0}; 0
5; {224.84558986326357,198.85815155284462,0.0}; 0
0; {52.76272127995257,18.39666705606343,0.0}; 1
1; {56.114559146117074,102.04997581664155,0.0}; 1
2; {58.06881265673076,97.0209435763619,0.0}; 1
3; {57.9059473870636,105.57471533958791,0.0}; 1
4; {304.3465959767499,4.8307882049063515,0.0}; 1
5; {224.84558986326357,198.85815155284462,0.0}; 1
0; {52.5,16.434363034569206,0.0}; 2
1; {58.0433023219572,102.5,0.0}; 2
2; {59.99076434293283,97.5,0.0}; 2
3; {59.90126726421023,105.5,0.0}; 2
4; {304.5,6.813430833024242,0.0}; 2
5; {223.5,197.89243837024216,0.0}; 2
0; {52.5,16.434363034569206,0.0}; 3
1; {60.0433023219572,102.5,0.0}; 3
2; {61.99076434293283,97.5,0.0}; 3
3; {61.90126726421023,105.5,0.0}; 3
4; {304.18656916697574,8.5,0.0}; 3
5; {223.5,197.89243837024216,0.0}; 3
0; {52.5,16.434363034569206,0.0}; 4
1; {62.0433023219572,102.5,0.0}; 4
2; {63.99076434293283,97.5,0.0}; 4
3; {63.90126726421023,105.5,0.0}; 4
4; {304.18656916697574,8.5,0.0}; 4
5; {223.5,197.89243837024216,0.0}; 4
0; {52.5,16.434363034569206,0.0}; 5
1; {64.0433023219572,102.5,0.0}; 5
2; {65.99076434293283,97.5,0.0}; 5
3; {65.90126726421023,105.5,0.0}; 5
4; {304.18656916697574,8.5,0.0}; 5
5; {223.5,197.89243837024216,0.0}; 5
0; {52.5,16.434363034569206,0.0}; 6
1; {66.0433023219572,102.5,0.0}; 6
2; {65.99076434293283,97.5,0.0}; 6
3; {65.90126726421023,105.5,0.0}; 6
4; {304.18656916697574,8.5,0.0}; 6
5; {223.5,197.89243837024216,0.0}; 6
0; {52.5,16.434363034569206,0.0}; 7
1; {66.0433023219572,102.5,0.0}; 7
2; {65.99076434293283,97.5,0.0}; 7
3; {65.90126726421023,105.5,0.0}; 7
4; {304.18656916697574,8.5,0.0}; 7
5; {223.5,197.89243837024216,0.0}; 7
0; {52.5,16.434363034569206,0.0}; 8
1; {66.0433023219572,102.5,0.0}; 8
2; {65.99076434293283,97.5,0.0}; 8
3; {65.90126726421023,105.5,0.0}; 8
4; {304.18656916697574,8.5,0.0}; 8
5; {223.5,197.89243837024216,0.0}; 8
0; {54.497848209485724,16.5,0.0}; 9
1; {66.0433023219572,102.5,0.0}; 9
2; {65.99076434293283,97.5,0.0}; 9
3; {65.90126726421023,105.5,0.0}; 9
4; {304.18656916697574,8.5,0.0}; 9
5; {223.5,195.89243837024216,0.0}; 9
0; {54.497848209485724,16.5,0.0}; 10
1; {66.0433023219572,102.5,0.0}; 10
2; {65.99076434293283,97.5,0.0}; 10
3; {65.90126726421023,105.5,0.0}; 10
4; {303.18656916697574,9.5,0.0}; 10
5; {223.5,195.89243837024216,0.0}; 10
0; {54.497848209485724,16.5,0.0}; 11
1; {66.0433023219572,102.5,0.0}; 11
2; {65.99076434293283,97.5,0.0}; 11
3; {65.90126726421023,105.5,0.0}; 11
4; {303.18656916697574,9.5,0.0}; 11
5; {223.5,195.89243837024216,0.0}; 11
0; {54.497848209485724,16.5,0.0}; 12
1; {66.0433023219572,102.5,0.0}; 12
2; {67.99076434293283,97.5,0.0}; 12
3; {67.90126726421023,105.5,0.0}; 12
4; {303.18656916697574,9.5,0.0}; 12
5; {223.5,195.89243837024216,0.0}; 12
0; {54.497848209485724,16.5,0.0}; 13
1; {68.0433023219572,102.5,0.0}; 13
2; {69.99076434293283,97.5,0.0}; 13
3; {67.90126726421023,105.5,0.0}; 13
4; {303.18656916697574,9.5,0.0}; 13
5; {223.5,195.89243837024216,0.0}; 13
0; {54.497848209485724,16.5,0.0}; 14
1; {68.0433023219572,102.5,0.0}; 14
2; {69.99076434293283,97.5,0.0}; 14
3; {67.90126726421023,105.5,0.0}; 14
4; {303.18656916697574,9.5,0.0}; 14
5; {223.5,195.89243837024216,0.0}; 14
0; {54.497848209485724,16.5,0.0}; 15
1; {68.0433023219572,102.5,0.0}; 15
2; {69.99076434293283,97.5,0.0}; 15
3; {67.90126726421023,105.5,0.0}; 15
4; {303.18656916697574,9.5,0.0}; 15
5; {223.5,195.89243837024216,0.0}; 15
0; {54.497848209485724,16.5,0.0}; 16
1; {70.0433023219572,102.5,0.0}; 16
2; {71.99076434293283,97.5,0.0}; 16
3; {67.90126726421023,105.5,0.0}; 16
4; {303.18656916697574,9.5,0.0}; 16
5; {223.5,193.89243837024216,0.0}; 16
0; {54.497848209485724,16.5,0.0}; 17
1; {72.0433023219572,102.5,0.0}; 17
2; {71.99076434293283,97.5,0.0}; 17
3; {67.90126726421023,105.5,0.0}; 17
4; {303.5,11.452031065779963,0.0}; 17
5; {223.5,191.89243837024216,0.0}; 17
0; {54.497848209485724,16.5,0.0}; 18
1; {72.0433023219572,102.5,0.0}; 18
2; {71.99076434293283,97.5,0.0}; 18
3; {67.90126726421023,105.5,0.0}; 18
4; {303.5,11.452031065779963,0.0}; 18
5; {223.5,189.89243837024216,0.0}; 18
0; {54.497848209485724,16.5,0.0}; 19
1; {72.0433023219572,102.5,0.0}; 19
2; {71.99076434293283,97.5,0.0}; 19
3; {67.5,103.57750425397154,0.0}; 19
4; {303.5,11.452031065779963,0.0}; 19
5; {223.5,187.89243837024216,0.0}; 19
0; {54.497848209485724,16.5,0.0}; 20
1; {72.5,100.59935106728001,0.0}; 20
2; {71.99076434293283,97.5,0.0}; 20
3; {67.5,101.57750425397154,0.0}; 20
4; {303.5,11.452031065779963,0.0}; 20
5; {223.5,185.89243837024216,0.0}; 20
0; {54.497848209485724,16.5,0.0}; 21
1; {72.5,98.59935106728001,0.0}; 21
2; {71.99076434293283,97.5,0.0}; 21
3; {67.5,99.57750425397154,0.0}; 21
4; {303.5,11.452031065779963,0.0}; 21
5; {223.5,183.89243837024216,0.0}; 21
0; {54.497848209485724,16.5,0.0}; 22
1; {72.5,96.59935106728001,0.0}; 22
2; {71.99076434293283,97.5,0.0}; 22
3; {67.5,97.57750425397154,0.0}; 22
4; {303.5,11.452031065779963,0.0}; 22
5; {223.5,181.89243837024216,0.0}; 22
0; {54.497848209485724,16.5,0.0}; 23
1; {72.5,94.59935106728001,0.0}; 23
2; {71.5,95.61393430699225,0.0}; 23
3; {67.5,95.57750425397154,0.0}; 23
4; {303.5,11.452031065779963,0.0}; 23
5; {223.5,179.89243837024216,0.0}; 23
0; {54.497848209485724,16.5,0.0}; 24
1; {72.5,92.59935106728001,0.0}; 24
2; {71.5,93.61393430699225,0.0}; 24
3; {67.5,93.57750425397154,0.0}; 24
4; {303.5,13.452031065779963,0.0}; 24
5; {223.5,177.89243837024216,0.0}; 24
0; {54.497848209485724,16.5,0.0}; 25
1; {72.5,90.59935106728001,0.0}; 25
2; {71.5,91.61393430699225,0.0}; 25
3; {67.5,91.57750425397154,0.0}; 25
4; {303.5,13.452031065779963,0.0}; 25
5; {221.57424758526065,177.5,0.0}; 25
0; {54.497848209485724,16.5,0.0}; 26
1; {72.5,88.59935106728001,0.0}; 26
2; {71.5,89.61393430699225,0.0}; 26
3; {67.5,89.57750425397154,0.0}; 26
4; {303.5,13.452031065779963,0.0}; 26
5; {221.5,175.50275256365518,0.0}; 26
0; {54.497848209485724,16.5,0.0}; 27
1; {72.5,86.59935106728001,0.0}; 27
2; {71.5,87.61393430699225,0.0}; 27
3; {67.5,87.57750425397154,0.0}; 27
4; {303.5,13.452031065779963,0.0}; 27
5; {219.50000378829617,175.5,0.0}; 27
0; {54.497848209485724,16.5,0.0}; 28
1; {74.49507680165613,86.5,0.0}; 28
2; {72.38606569300775,86.5,0.0}; 28
3; {68.42249574602846,86.5,0.0}; 28
4; {303.5,13.452031065779963,0.0}; 28
5; {219.5,173.50000000000716,0.0}; 28
0; {54.497848209485724,16.5,0.0}; 29
1; {76.49507680165613,86.5,0.0}; 29
2; {74.38606569300775,86.5,0.0}; 29
3; {70.42249574602846,86.5,0.0}; 29
4; {303.5,13.452031065779963,0.0}; 29
5; {219.5,171.50000000000716,0.0}; 29
0; {54.497848209485724,16.5,0.0}; 30
1; {78.49507680165613,86.5,0.0}; 30
2; {76.38606569300775,86.5,0.0}; 30
3; {72.42249574602846,86.5,0.0}; 30
4; {303.5,13.452031065779963,0.0}; 30
5; {218.5,170.5,0.0}; 30
0; {54.497848209485724,16.5,0.0}; 31
1; {80.49507680165613,86.5,0.0}; 31
2; {78.38606569300775,86.5,0.0}; 31
3; {74.42249574602846,86.5,0.0}; 31
4; {301.5011498482496,13.5,0.0}; 31
5; {218.5,168.5,0.0}; 31
0; {54.497848209485724,16.5,0.0}; 32
1; {82.49507680165613,86.5,0.0}; 32
2; {80.38606569300775,86.5,0.0}; 32
3; {76.42249574602846,86.5,0.0}; 32
4; {301.5011498482496,13.5,0.0}; 32
5; {217.5,167.5,0.0}; 32
0; {54.497848209485724,16.5,0.0}; 33
1; {84.49507680165613,86.5,0.0}; 33
2; {82.38606569300775,86.5,0.0}; 33
3; {78.42249574602846,86.5,0.0}; 33
4; {301.5011498482496,13.5,0.0}; 33
5; {215.5,167.5,0.0}; 33
0; {54.497848209485724,16.5,0.0}; 34
1; {86.49507680165613,86.5,0.0}; 34
2; {84.38606569300775,86.5,0.0}; 34
3; {80.42249574602846,86.5,0.0}; 34
4; {301.5011498482496,13.5,0.0}; 34
5; {213.5,167.5,0.0}; 34
0; {54.497848209485724,16.5,0.0}; 35
1; {88.49507680165613,86.5,0.0}; 35
2; {86.38606569300775,86.5,0.0}; 35
3; {82.42249574602846,86.5,0.0}; 35
4; {301.5011498482496,13.5,0.0}; 35
5; {211.5,167.5,0.0}; 35
0; {54.497848209485724,16.5,0.0}; 36
1; {90.49507680165613,86.5,0.0}; 36
2; {88.38606569300775,86.5,0.0}; 36
3; {84.42249574602846,86.5,0.0}; 36
4; {301.5011498482496,13.5,0.0}; 36
5; {209.5,167.5,0.0}; 36
0; {54.497848209485724,16.5,0.0}; 37
1; {92.49507680165613,86.5,0.0}; 37
2; {90.38606569300775,86.5,0.0}; 37
3; {86.42249574602846,86.5,0.0}; 37
4; {301.5011498482496,13.5,0.0}; 37
5; {207.5,167.5,0.0}; 37
0; {54.5,14.500002315098529,0.0}; 38
1; {94.49507680165613,86.5,0.0}; 38
2; {92.38606569300775,86.5,0.0}; 38
3; {88.42249574602846,86.5,0.0}; 38
4; {299.5011498482496,13.5,0.0}; 38
5; {205.5,167.5,0.0}; 38
0; {54.5,14.500002315098529,0.0}; 39
1; {96.49507680165613,86.5,0.0}; 39
2; {94.38606569300775,86.5,0.0}; 39
3; {90.42249574602846,86.5,0.0}; 39
4; {299.5011498482496,13.5,0.0}; 39
5; {203.5,167.5,0.0}; 39
0; {54.5,14.500002315098529,0.0}; 40
1; {98.49507680165613,86.5,0.0}; 40
2; {96.38606569300775,86.5,0.0}; 40
3; {92.42249574602846,86.5,0.0}; 40
4; {299.5011498482496,13.5,0.0}; 40
5; {201.5,167.5,0.0}; 40
0; {54.5,14.500002315098529,0.0}; 41
1; {100.49507680165613,86.5,0.0}; 41
2; {98.38606569300775,86.5,0.0}; 41
3; {94.42249574602846,86.5,0.0}; 41
4; {299.5011498482496,13.5,0.0}; 41
5; {200.5,166.5,0.0}; 41
0; {54.5,14.500002315098529,0.0}; 42
1; {102.49507680165613,86.5,0.0}; 42
2; {100.38606569300775,86.5,0.0}; 42
3; {96.42249574602846,86.5,0.0}; 42
4; {299.5011498482496,13.5,0.0}; 42
5; {200.5,164.5,0.0}; 42
0; {54.5,14.500002315098529,0.0}; 43
1; {104.49507680165613,86.5,0.0}; 43
2; {102.38606569300775,86.5,0.0}; 43
3; {98.42249574602846,86.5,0.0}; 43
4; {299.5011498482496,13.5,0.0}; 43
5; {200.5,162.5,0.0}; 43
0; {54.5,14.500002315098529,0.0}; 44
1; {106.49507680165613,86.5,0.0}; 44
2; {104.38606569300775,86.5,0.0}; 44
3; {100.42249574602846,86.5,0.0}; 44
4; {299.5011498482496,13.5,0.0}; 44
5; {200.5,160.5,0.0}; 44
0; {56.49999999999732,14.5,0.0}; 45
1; {108.49507680165613,86.5,0.0}; 45
2; {106.38606569300775,86.5,0.0}; 45
3; {102.42249574602846,86.5,0.0}; 45
4; {297.5011498482496,13.5,0.0}; 45
5; {200.5,158.5,0.0}; 45
0; {56.49999999999732,14.5,0.0}; 46
1; {110.49507680165613,86.5,0.0}; 46
2; {108.38606569300775,86.5,0.0}; 46
3; {104.42249574602846,86.5,0.0}; 46
4; {297.5011498482496,13.5,0.0}; 46
5; {200.5,156.5,0.0}; 46
0; {56.49999999999732,14.5,0.0}; 47
1; {112.49507680165613,86.5,0.0}; 47
2; {110.38606569300775,86.5,0.0}; 47
3; {106.42249574602846,86.5,0.0}; 47
4; {297.5011498482496,13.5,0.0}; 47
5; {200.5,154.5,0.0}; 47
0; {56.49999999999732,14.5,0.0}; 48
1; {114.49507680165613,86.5,0.0}; 48
2; {112.38606569300775,86.5,0.0}; 48
3; {108.42249574602846,86.5,0.0}; 48
4; {297.5011498482496,13.5,0.0}; 48
5; {199.5,153.5,0.0}; 48
0; {56.49999999999732,14.5,0.0}; 49
1; {116.49507680165613,86.5,0.0}; 49
2; {114.38606569300775,86.5,0.0}; 49
3; {110.42249574602846,86.5,0.0}; 49
4; {297.5011498482496,13.5,0.0}; 49
5; {197.5,153.5,0.0}; 49
0; {56.49999999999732,14.5,0.0}; 50
1; {118.49507680165613,86.5,0.0}; 50
2; {116.38606569300775,86.5,0.0}; 50
3; {112.42249574602846,86.5,0.0}; 50
4; {297.5011498482496,13.5,0.0}; 50
5; {195.5,153.5,0.0}; 50
0; {56.49999999999732,14.5,0.0}; 51
1; {120.49507680165613,86.5,0.0}; 51
2; {118.38606569300775,86.5,0.0}; 51
3; {114.42249574602846,86.5,0.0}; 51
4; {297.5011498482496,13.5,0.0}; 51
5; {193.5,153.5,0.0}; 51
0; {58.49999999999732,14.5,0.0}; 52
1; {122.49507680165613,86.5,0.0}; 52
2; {120.38606569300775,86.5,0.0}; 52
3; {116.42249574602846,86.5,0.0}; 52
4; {295.5011498482496,13.5,0.0}; 52
5; {191.5,153.5,0.0}; 52
0; {60.49999999999732,14.5,0.0}; 53
1; {124.49507680165613,86.5,0.0}; 53
2; {122.38606569300775,86.5,0.0}; 53
3; {118.42249574602846,86.5,0.0}; 53
4; {295.5011498482496,13.5,0.0}; 53
5; {189.5,153.5,0.0}; 53
0; {62.49999999999732,14.5,0.0}; 54
1; {126.49507680165613,86.5,0.0}; 54
2; {124.38606569300775,86.5,0.0}; 54
3; {120.42249574602846,86.5,0.0}; 54
4; {295.5011498482496,13.5,0.0}; 54
5; {187.5,153.5,0.0}; 54
0; {64.49999999999733,14.5,0.0}; 55
1; {128.49507680165613,86.5,0.0}; 55
2; {126.38606569300775,86.5,0.0}; 55
3; {122.42249574602846,86.5,0.0}; 55
4; {295.5011498482496,13.5,0.0}; 55
5; {187.5,151.5,0.0}; 55
0; {66.49999999999733,14.5,0.0}; 56
1; {130.49507680165613,86.5,0.0}; 56
2; {128.38606569300777,86.5,0.0}; 56
3; {124.42249574602846,86.5,0.0}; 56
4; {295.5011498482496,13.5,0.0}; 56
5; {187.5,149.5,0.0}; 56
0; {68.49999999999733,14.5,0.0}; 57
1; {132.49507680165613,86.5,0.0}; 57
2; {130.38606569300777,86.5,0.0}; 57
3; {126.42249574602846,86.5,0.0}; 57
4; {295.5011498482496,13.5,0.0}; 57
5; {187.5,147.5,0.0}; 57
0; {70.49999999999733,14.5,0.0}; 58
1; {134.49507680165613,86.5,0.0}; 58
2; {132.38606569300777,86.5,0.0}; 58
3; {128.42249574602846,86.5,0.0}; 58
4; {295.5011498482496,13.5,0.0}; 58
5; {187.5,145.5,0.0}; 58
0; {72.49999999999733,14.5,0.0}; 59
1; {136.49507680165613,86.5,0.0}; 59
2; {134.38606569300777,86.5,0.0}; 59
3; {130.42249574602846,86.5,0.0}; 59
4; {295.5,15.49999933892472,0.0}; 59
5; {187.5,143.5,0.0}; 59
0; {72.49999999999733,14.5,0.0}; 60
1; {138.49507680165613,86.5,0.0}; 60
2; {136.38606569300777,86.5,0.0}; 60
3; {132.42249574602846,86.5,0.0}; 60
4; {295.5,15.49999933892472,0.0}; 60
5; {187.5,141.5,0.0}; 60
0; {72.49999999999733,14.5,0.0}; 61
1; {140.49507680165613,86.5,0.0}; 61
2; {138.38606569300777,86.5,0.0}; 61
3; {134.42249574602846,86.5,0.0}; 61
4; {295.5,15.49999933892472,0.0}; 61
5; {187.5,139.5,0.0}; 61
0; {72.49999999999733,14.5,0.0}; 62
1; {142.49507680165613,86.5,0.0}; 62
2; {140.38606569300777,86.5,0.0}; 62
3; {136.42249574602846,86.5,0.0}; 62
4; {295.5,15.49999933892472,0.0}; 62
5; {187.5,137.5,0.0}; 62
0; {72.49999999999733,14.5,0.0}; 63
1; {144.49507680165613,86.5,0.0}; 63
2; {142.38606569300777,86.5,0.0}; 63
3; {138.42249574602846,86.5,0.0}; 63
4; {295.5,15.49999933892472,0.0}; 63
5; {186.5,136.5,0.0}; 63
0; {72.49999999999733,14.5,0.0}; 64
1; {146.49507680165613,86.5,0.0}; 64
2; {144.38606569300777,86.5,0.0}; 64
3; {140.42249574602846,86.5,0.0}; 64
4; {295.5,15.49999933892472,0.0}; 64
5; {184.5,136.5,0.0}; 64
0; {72.49999999999733,14.5,0.0}; 65
1; {148.49507680165613,86.5,0.0}; 65
2; {146.38606569300777,86.5,0.0}; 65
3; {142.42249574602846,86.5,0.0}; 65
4; {295.5,15.49999933892472,0.0}; 65
5; {182.5,136.5,0.0}; 65
0; {70.49999999999733,14.5,0.0}; 66
1; {150.49507680165613,86.5,0.0}; 66
2; {148.38606569300777,86.5,0.0}; 66
3; {144.42249574602846,86.5,0.0}; 66
4; {293.5000000000002,15.5,0.0}; 66
5; {180.5,136.5,0.0}; 66
0; {70.49999999999733,14.5,0.0}; 67
1; {152.49507680165613,86.5,0.0}; 67
2; {150.38606569300777,86.5,0.0}; 67
3; {146.42249574602846,86.5,0.0}; 67
4; {293.5000000000002,15.5,0.0}; 67
5; {178.5,136.5,0.0}; 67
0; {70.49999999999733,14.5,0.0}; 68
1; {154.49507680165613,86.5,0.0}; 68
2; {152.38606569300777,86.5,0.0}; 68
3; {148.42249574602846,86.5,0.0}; 68
4; {293.5000000000002,15.5,0.0}; 68
5; {176.5,136.5,0.0}; 68
0; {70.49999999999733,14.5,0.0}; 69
1; {156.49507680165613,86.5,0.0}; 69
2; {154.38606569300777,86.5,0.0}; 69
3; {150.42249574602846,86.5,0.0}; 69
4; {293.5000000000002,15.5,0.0}; 69
5; {174.5,136.5,0.0}; 69
0; {70.49999999999733,14.5,0.0}; 70
1; {158.49507680165613,86.5,0.0}; 70
2; {156.38606569300777,86.5,0.0}; 70
3; {152.42249574602846,86.5,0.0}; 70
4; {293.5000000000002,15.5,0.0}; 70
5; {172.5,136.5,0.0}; 70
0; {70.49999999999733,14.5,0.0}; 71
1; {160.49507680165613,86.5,0.0}; 71
2; {158.38606569300777,86.5,0.0}; 71
3; {154.42249574602846,86.5,0.0}; 71
4; {293.5000000000002,15.5,0.0}; 71
5; {170.5,136.5,0.0}; 71
0; {70.49999999999733,14.5,0.0}; 72
1; {162.49507680165613,86.5,0.0}; 72
2; {160.38606569300777,86.5,0.0}; 72
3; {156.42249574602846,86.5,0.0}; 72
4; {293.5000000000002,15.5,0.0}; 72
5; {168.5,136.5,0.0}; 72
0; {70.5,16.5,0.0}; 73
1; {164.49507680165613,86.5,0.0}; 73
2; {162.38606569300777,86.5,0.0}; 73
3; {158.42249574602846,86.5,0.0}; 73
4; {293.5,17.5,0.0}; 73
5; {166.5,136.5,0.0}; 73
0; {70.5,16.5,0.0}; 74
1; {166.49507680165613,86.5,0.0}; 74
2; {164.38606569300777,86.5,0.0}; 74
3; {160.42249574602846,86.5,0.0}; 74
4; {293.5,17.5,0.0}; 74
5; {165.5,135.5,0.0}; 74
0; {70.5,16.5,0.0}; 75
1; {168.49507680165613,86.5,0.0}; 75
2; {166.38606569300777,86.5,0.0}; 75
3; {162.42249574602846,86.5,0.0}; 75
4; {293.5,17.5,0.0}; 75
5; {165.5,133.5,0.0}; 75
0; {70.5,16.5,0.0}; 76
1; {170.49507680165613,86.5,0.0}; 76
2; {168.38606569300777,86.5,0.0}; 76
3; {164.42249574602846,86.5,0.0}; 76
4; {293.5,17.5,0.0}; 76
5; {165.5,131.5,0.0}; 76
0; {70.5,16.5,0.0}; 77
1; {172.49507680165613,86.5,0.0}; 77
2; {170.38606569300777,86.5,0.0}; 77
3; {166.42249574602846,86.5,0.0}; 77
4; {293.5,17.5,0.0}; 77
5; {165.5,129.5,0.0}; 77
0; {70.5,16.5,0.0}; 78
1; {174.49507680165613,86.5,0.0}; 78
2; {172.38606569300777,86.5,0.0}; 78
3; {168.42249574602846,86.5,0.0}; 78
4; {293.5,17.5,0.0}; 78
5; {165.5,127.5,0.0}; 78
0; {70.5,16.5,0.0}; 79
1; {176.49507680165613,86.5,0.0}; 79
2; {174.38606569300777,86.5,0.0}; 79
3; {170.42249574602846,86.5,0.0}; 79
4; {293.5,17.5,0.0}; 79
5; {165.5,125.5,0.0}; 79
0; {72.5,16.5,0.0}; 80
1; {178.49507680165613,86.5,0.0}; 80
2; {176.38606569300777,86.5,0.0}; 80
3; {172.42249574602846,86.5,0.0}; 80
4; {295.5,17.5,0.0}; 80
5; {165.5,123.5,0.0}; 80
0; {72.5,16.5,0.0}; 81
1; {179.5,85.50492319834387,0.0}; 81
2; {178.38606569300777,86.5,0.0}; 81
3; {174.42249574602846,86.5,0.0}; 81
4; {295.5,17.5,0.0}; 81
5; {165.5,121.5,0.0}; 81
0; {72.5,16.5,0.0}; 82
1; {181.49998788113245,85.5,0.0}; 82
2; {179.5,85.61393430699223,0.0}; 82
3; {176.42249574602846,86.5,0.0}; 82
4; {295.5,17.5,0.0}; 82
5; {165.5,119.5,0.0}; 82
0; {72.5,16.5,0.0}; 83
1; {183.49998788113245,85.5,0.0}; 83
2; {181.49353041461265,85.5,0.0}; 83
3; {178.42249574602846,86.5,0.0}; 83
4; {295.5,17.5,0.0}; 83
5; {165.5,117.5,0.0}; 83
0; {72.5,16.5,0.0}; 84
1; {185.49998788113245,85.5,0.0}; 84
2; {183.49353041461265,85.5,0.0}; 84
3; {179.5,85.57750425397154,0.0}; 84
4; {295.5,17.5,0.0}; 84
5; {165.5,115.5,0.0}; 84
0; {72.5,16.5,0.0}; 85
1; {187.49998788113245,85.5,0.0}; 85
2; {185.49353041461265,85.5,0.0}; 85
3; {181.49700104218215,85.5,0.0}; 85
4; {295.5,17.5,0.0}; 85
5; {163.5,115.5,0.0}; 85
0; {72.5,16.5,0.0}; 86
1; {189.49998788113245,85.5,0.0}; 86
2; {187.49353041461265,85.5,0.0}; 86
3; {183.49700104218215,85.5,0.0}; 86
4; {295.5,17.5,0.0}; 86
5; {163.5,115.5,0.0}; 86
0; {74.5,16.5,0.0}; 87
1; {191.49998788113245,85.5,0.0}; 87
2; {189.49353041461265,85.5,0.0}; 87
3; {185.49700104218215,85.5,0.0}; 87
4; {297.5,17.5,0.0}; 87
5; {163.5,115.5,0.0}; 87
0; {74.5,16.5,0.0}; 88
1; {193.49998788113245,85.5,0.0}; 88
2; {191.49353041461265,85.5,0.0}; 88
3; {187.49700104218215,85.5,0.0}; 88
4; {297.5,17.5,0.0}; 88
5; {161.5,115.5,0.0}; 88
0; {74.5,16.5,0.0}; 89
1; {195.49998788113245,85.5,0.0}; 89
2; {193.49353041461265,85.5,0.0}; 89
3; {189.49700104218215,85.5,0.0}; 89
4; {297.5,17.5,0.0}; 89
5; {161.5,115.5,0.0}; 89
0; {74.5,16.5,0.0}; 90
1; {197.49998788113245,85.5,0.0}; 90
2; {195.49353041461265,85.5,0.0}; 90
3; {191.49700104218215,85.5,0.0}; 90
4; {297.5,17.5,0.0}; 90
5; {161.5,115.5,0.0}; 90
0; {74.5,16.5,0.0}; 91
1; {199.49998788113245,85.5,0.0}; 91
2; {197.49353041461265,85.5,0.0}; 91
3; {193.49700104218215,85.5,0.0}; 91
4; {297.5,17.5,0.0}; 91
5; {161.5,115.5,0.0}; 91
0; {74.5,16.5,0.0}; 92
1; {201.49998788113245,85.5,0.0}; 92
2; {199.49353041461265,85.5,0.0}; 92
3; {195.49700104218215,85.5,0.0}; 92
4; {297.5,17.5,0.0}; 92
5; {161.5,115.5,0.0}; 92
0; {74.5,16.5,0.0}; 93
1; {203.49998788113245,85.5,0.0}; 93
2; {201.49353041461265,85.5,0.0}; 93
3; {197.49700104218215,85.5,0.0}; 93
4; {297.5,17.5,0.0}; 93
5; {161.5,115.5,0.0}; 93
0; {76.5,16.5,0.0}; 94
1; {205.49998788113245,85.5,0.0}; 94
2; {203.49353041461265,85.5,0.0}; 94
3; {199.49700104218215,85.5,0.0}; 94
4; {295.5,17.5,0.0}; 94
5; {161.5,115.5,0.0}; 94
0; {76.5,16.5,0.0}; 95
1; {207.49998788113245,85.5,0.0}; 95
2; {205.49353041461265,85.5,0.0}; 95
3; {201.49700104218215,85.5,0.0}; 95
4; {295.5,17.5,0.0}; 95
5; {159.5,115.5,0.0}; 95
0; {76.5,16.5,0.0}; 96
1; {209.49998788113245,85.5,0.0}; 96
2; {207.49353041461265,85.5,0.0}; 96
3; {203.49700104218215,85.5,0.0}; 96
4; {295.5,17.5,0.0}; 96
5; {157.5,115.5,0.0}; 96
0; {76.5,16.5,0.0}; 97
1; {211.49998788113245,85.5,0.0}; 97
2; {209.49353041461265,85.5,0.0}; 97
3; {205.49700104218215,85.5,0.0}; 97
4; {295.5,17.5,0.0}; 97
5; {157.5,115.5,0.0}; 97
0; {76.5,16.5,0.0}; 98
1; {213.49998788113245,85.5,0.0}; 98
2; {211.49353041461265,85.5,0.0}; 98
3; {207.49700104218215,85.5,0.0}; 98
4; {295.5,17.5,0.0}; 98
5; {157.5,115.5,0.0}; 98
0; {76.5,16.5,0.0}; 99
1; {215.49998788113245,85.5,0.0}; 99
2; {213.49353041461265,85.5,0.0}; 99
3; {209.49700104218215,85.5,0.0}; 99
4; {295.5,17.5,0.0}; 99
5; {157.5,115.5,0.0}; 99
0; {76.5,16.5,0.0}; 100
1; {217.49998788113245,85.5,0.0}; 100
2; {215.49353041461265,85.5,0.0}; 100
3; {211.49700104218215,85.5,0.0}; 100
4; {295.5,17.5,0.0}; 100
5; {157.5,115.5,0.0}; 100
0; {76.5,14.5,0.0}; 101
1; {219.49998788113245,85.5,0.0}; 101
2; {217.49353041461265,85.5,0.0}; 101
3; {213.49700104218215,85.5,0.0}; 101
4; {296.5,18.5,0.0}; 101
5; {157.5,115.5,0.0}; 101
0; {76.5,14.5,0.0}; 102
1; {221.49998788113245,85.5,0.0}; 102
2; {219.49353041461265,85.5,0.0}; 102
3; {215.49700104218215,85.5,0.0}; 102
4; {296.5,18.5,0.0}; 102
5; {157.5,115.5,0.0}; 102
0; {76.5,14.5,0.0}; 103
1; {223.49998788113245,85.5,0.0}; 103
2; {221.49353041461265,85.5,0.0}; 103
3; {217.49700104218215,85.5,0.0}; 103
4; {296.5,18.5,0.0}; 103
5; {159.5,115.5,0.0}; 103
0; {76.5,14.5,0.0}; 104
1; {225.49998788113245,85.5,0.0}; 104
2; {223.49353041461265,85.5,0.0}; 104
3; {219.49700104218215,85.5,0.0}; 104
4; {296.5,18.5,0.0}; 104
5; {159.5,115.5,0.0}; 104
0; {76.5,14.5,0.0}; 105
1; {227.49998788113245,85.5,0.0}; 105
2; {225.49353041461265,85.5,0.0}; 105
3; {221.49700104218215,85.5,0.0}; 105
4; {296.5,18.5,0.0}; 105
5; {159.5,115.5,0.0}; 105
0; {76.5,14.5,0.0}; 106
1; {229.49998788113245,85.5,0.0}; 106
2; {227.49353041461265,85.5,0.0}; 106
3; {223.49700104218215,85.5,0.0}; 106
4; {296.5,18.5,0.0}; 106
5; {159.5,115.5,0.0}; 106
0; {76.5,14.5,0.0}; 107
1; {231.49998788113245,85.5,0.0}; 107
2; {229.49353041461265,85.5,0.0}; 107
3; {225.49700104218215,85.5,0.0}; 107
4; {296.5,18.5,0.0}; 107
5; {159.5,115.5,0.0}; 107
0; {78.5,14.5,0.0}; 108
1; {233.49998788113245,85.5,0.0}; 108
2; {231.49353041461265,85.5,0.0}; 108
3; {227.49700104218215,85.5,0.0}; 108
4; {296.5,16.5,0.0}; 108
5; {159.5,115.5,0.0}; 108
0; {80.5,14.5,0.0}; 109
1; {235.49998788113245,85.5,0.0}; 109
2; {233.49353041461265,85.5,0.0}; 109
3; {229.49700104218215,85.5,0.0}; 109
4; {296.5,16.5,0.0}; 109
5; {159.5,115.5,0.0}; 109
0; {82.5,14.5,0.0}; 110
1; {237.49998788113245,85.5,0.0}; 110
2; {235.49353041461265,85.5,0.0}; 110
3; {231.49700104218215,85.5,0.0}; 110
4; {296.5,16.5,0.0}; 110
5; {159.5,113.5,0.0}; 110
0; {84.5,14.5,0.0}; 111
1; {239.49998788113245,85.5,0.0}; 111
2; {237.49353041461265,85.5,0.0}; 111
3; {233.49700104218215,85.5,0.0}; 111
4; {296.5,16.5,0.0}; 111
5; {159.5,111.5,0.0}; 111
0; {86.5,14.5,0.0}; 112
1; {241.49998788113245,85.5,0.0}; 112
2; {239.49353041461265,85.5,0.0}; 112
3; {235.49700104218215,85.5,0.0}; 112
4; {296.5,16.5,0.0}; 112
5; {161.5,111.5,0.0}; 112
0; {88.5,14.5,0.0}; 113
1; {243.49998788113245,85.5,0.0}; 113
2; {241.49353041461265,85.5,0.0}; 113
3; {237.49700104218215,85.5,0.0}; 113
4; {296.5,16.5,0.0}; 113
5; {163.5,111.5,0.0}; 113
0; {90.5,14.5,0.0}; 114
1; {245.49998788113245,85.5,0.0}; 114
2; {243.49353041461265,85.5,0.0}; 114
3; {239.49700104218215,85.5,0.0}; 114
4; {296.5,16.5,0.0}; 114
5; {165.5,111.5,0.0}; 114
0; {92.5,14.5,0.0}; 115
1; {247.49998788113245,85.5,0.0}; 115
2; {245.49353041461265,85.5,0.0}; 115
3; {241.49700104218215,85.5,0.0}; 115
4; {298.5,16.5,0.0}; 115
5; {167.5,111.5,0.0}; 115
0; {94.5,14.5,0.0}; 116
1; {249.49998788113245,85.5,0.0}; 116
2; {247.49353041461265,85.5,0.0}; 116
3; {243.49700104218215,85.5,0.0}; 116
4; {298.5,16.5,0.0}; 116
5; {169.5,111.5,0.0}; 116
0; {96.5,14.5,0.0}; 117
1; {251.49998788113245,85.5,0.0}; 117
2; {249.49353041461265,85.5,0.0}; 117
3; {245.49700104218215,85.5,0.0}; 117
4; {298.5,16.5,0.0}; 117
5; {171.5,111.5,0.0}; 117
0; {98.5,14.5,0.0}; 118
1; {253.49998788113245,85.5,0.0}; 118
2; {251.49353041461265,85.5,0.0}; 118
3; {247.49700104218215,85.5,0.0}; 118
4; {298.5,16.5,0.0}; 118
5; {173.5,111.5,0.0}; 118
0; {100.5,14.5,0.0}; 119
1; {255.49998788113245,85.5,0.0}; 119
2; {253.49353041461265,85.5,0.0}; 119
3; {249.49700104218215,85.5,0.0}; 119
4; {298.5,16.5,0.0}; 119
5; {175.5,111.5,0.0}; 119
0; {102.5,14.5,0.0}; 120
1; {257.4999878811325,85.5,0.0}; 120
2; {255.49353041461265,85.5,0.0}; 120
3; {251.49700104218215,85.5,0.0}; 120
4; {298.5,16.5,0.0}; 120
5; {177.5,111.5,0.0}; 120
0; {104.5,14.5,0.0}; 121
1; {259.4999878811325,85.5,0.0}; 121
2; {257.4935304146127,85.5,0.0}; 121
3; {253.49700104218215,85.5,0.0}; 121
4; {298.5,16.5,0.0}; 121
5; {179.5,111.5,0.0}; 121
0; {106.5,14.5,0.0}; 122
1; {261.4999878811325,85.5,0.0}; 122
2; {259.4935304146127,85.5,0.0}; 122
3; {255.49700104218215,85.5,0.0}; 122
4; {300.5,16.5,0.0}; 122
5; {181.5,111.5,0.0}; 122
0; {108.5,14.5,0.0}; 123
1; {263.4999878811325,85.5,0.0}; 123
2; {261.4935304146127,85.5,0.0}; 123
3; {257.49700104218215,85.5,0.0}; 123
4; {302.5,16.5,0.0}; 123
5; {183.5,111.5,0.0}; 123
0; {110.5,14.5,0.0}; 124
1; {265.4999878811325,85.5,0.0}; 124
2; {263.4935304146127,85.5,0.0}; 124
3; {259.49700104218215,85.5,0.0}; 124
4; {304.5,16.5,0.0}; 124
5; {185.5,111.5,0.0}; 124
0; {112.5,14.5,0.0}; 125
1; {267.4999878811325,85.5,0.0}; 125
2; {265.4935304146127,85.5,0.0}; 125
3; {261.49700104218215,85.5,0.0}; 125
4; {306.5,16.5,0.0}; 125
5; {187.5,111.5,0.0}; 125
0; {114.5,14.5,0.0}; 126
1; {269.4999878811325,85.5,0.0}; 126
2; {267.4935304146127,85.5,0.0}; 126
3; {263.49700104218215,85.5,0.0}; 126
4; {308.5,16.5,0.0}; 126
5; {189.5,111.5,0.0}; 126
0; {116.5,14.5,0.0}; 127
1; {271.4999878811325,85.5,0.0}; 127
2; {269.4935304146127,85.5,0.0}; 127
3; {265.49700104218215,85.5,0.0}; 127
4; {310.5,16.5,0.0}; 127
5; {191.5,111.5,0.0}; 127
0; {118.5,14.5,0.0}; 128
1; {273.4999878811325,85.5,0.0}; 128
2; {271.4935304146127,85.5,0.0}; 128
3; {267.49700104218215,85.5,0.0}; 128
4; {312.5,16.5,0.0}; 128
5; {193.5,111.5,0.0}; 128
0; {120.5,14.5,0.0}; 129
1; {275.4999878811325,85.5,0.0}; 129
2; {273.4935304146127,85.5,0.0}; 129
3; {269.49700104218215,85.5,0.0}; 129
4; {314.5,16.5,0.0}; 129
5; {195.5,111.5,0.0}; 129
0; {122.5,14.5,0.0}; 130
1; {277.4999878811325,85.5,0.0}; 130
2; {275.4935304146127,85.5,0.0}; 130
3; {271.49700104218215,85.5,0.0}; 130
4; {316.5,16.5,0.0}; 130
5; {197.5,111.5,0.0}; 130
0; {124.5,14.5,0.0}; 131
1; {278.5,84.50001211886752,0.0}; 131
2; {277.4935304146127,85.5,0.0}; 131
3; {273.49700104218215,85.5,0.0}; 131
4; {318.5,16.5,0.0}; 131
5; {199.5,111.5,0.0}; 131
0; {126.5,14.5,0.0}; 132
1; {278.5,82.50001211886752,0.0}; 132
2; {278.5,84.50646958538732,0.0}; 132
3; {275.49700104218215,85.5,0.0}; 132
4; {320.5,16.5,0.0}; 132
5; {201.5,111.5,0.0}; 132
0; {128.5,14.5,0.0}; 133
1; {278.5,80.50001211886752,0.0}; 133
2; {278.5,82.50646958538732,0.0}; 133
3; {277.49700104218215,85.5,0.0}; 133
4; {322.5,16.5,0.0}; 133
5; {203.5,111.5,0.0}; 133
0; {130.5,14.5,0.0}; 134
1; {278.5,78.50001211886752,0.0}; 134
2; {278.5,80.50646958538732,0.0}; 134
3; {278.5,84.50299895781785,0.0}; 134
4; {324.5,16.5,0.0}; 134
5; {205.5,111.5,0.0}; 134
0; {132.5,14.5,0.0}; 135
1; {278.5,76.50001211886752,0.0}; 135
2; {278.5,78.50646958538732,0.0}; 135
3; {278.5,82.50299895781785,0.0}; 135
4; {326.5,16.5,0.0}; 135
5; {207.5,111.5,0.0}; 135
0; {134.5,14.5,0.0}; 136
1; {278.5,74.50001211886752,0.0}; 136
2; {278.5,76.50646958538732,0.0}; 136
3; {278.5,80.50299895781785,0.0}; 136
4; {328.5,16.5,0.0}; 136
5; {209.5,111.5,0.0}; 136
0; {136.5,14.5,0.0}; 137
1; {278.5,72.50001211886752,0.0}; 137
2; {278.5,74.50646958538732,0.0}; 137
3; {278.5,78.50299895781785,0.0}; 137
4; {330.5,16.5,0.0}; 137
5; {211.5,111.5,0.0}; 137
0; {138.5,14.5,0.0}; 138
1; {278.5,70.50001211886752,0.0}; 138
2; {278.5,72.50646958538732,0.0}; 138
3; {278.5,76.50299895781785,0.0}; 138
4; {332.5,16.5,0.0}; 138
5; {213.5,111.5,0.0}; 138
0; {140.5,14.5,0.0}; 139
1; {278.5,68.50001211886752,0.0}; 139
2; {278.5,70.50646958538732,0.0}; 139
3; {278.5,74.50299895781785,0.0}; 139
4; {334.5,16.5,0.0}; 139
5; {215.5,111.5,0.0}; 139
0; {142.5,14.5,0.0}; 140
1; {278.5,66.50001211886752,0.0}; 140
2; {278.5,68.50646958538732,0.0}; 140
3; {278.5,72.50299895781785,0.0}; 140
4; {336.5,16.5,0.0}; 140
5; {217.5,111.5,0.0}; 140
0; {144.5,14.5,0.0}; 141
1; {280.49999999992656,66.5,0.0}; 141
2; {278.5,66.50646958538732,0.0}; 141
3; {278.5,70.50299895781785,0.0}; 141
4; {336.5,16.5,0.0}; 141
5; {219.5,111.5,0.0}; 141
0; {146.5,14.5,0.0}; 142
1; {282.49999999992656,66.5,0.0}; 142
2; {280.4999790724514,66.5,0.0}; 142
3; {278.5,68.50299895781785,0.0}; 142
4; {336.5,16.5,0.0}; 142
5; {221.5,111.5,0.0}; 142
0; {148.5,14.5,0.0}; 143
1; {284.49999999992656,66.5,0.0}; 143
2; {282.4999790724514,66.5,0.0}; 143
3; {278.5,66.50299895781785,0.0}; 143
4; {334.5,16.5,0.0}; 143
5; {223.5,111.5,0.0}; 143
0; {150.5,14.5,0.0}; 144
1; {286.49999999992656,66.5,0.0}; 144
2; {284.4999790724514,66.5,0.0}; 144
3; {280.4999955031361,66.5,0.0}; 144
4; {332.5,16.5,0.0}; 144
5; {225.5,111.5,0.0}; 144
0; {152.5,14.5,0.0}; 145
1; {288.49999999992656,66.5,0.0}; 145
2; {286.4999790724514,66.5,0.0}; 145
3; {282.4999955031361,66.5,0.0}; 145
4; {331.5,17.5,0.0}; 145
5; {227.5,111.5,0.0}; 145
0; {154.5,14.5,0.0}; 146
1; {290.49999999992656,66.5,0.0}; 146
2; {288.4999790724514,66.5,0.0}; 146
3; {284.4999955031361,66.5,0.0}; 146
4; {330.5,18.5,0.0}; 146
5; {229.5,111.5,0.0}; 146
0; {156.5,14.5,0.0}; 147
1; {292.49999999992656,66.5,0.0}; 147
2; {290.4999790724514,66.5,0.0}; 147
3; {286.4999955031361,66.5,0.0}; 147
4; {329.5,19.5,0.0}; 147
5; {231.5,111.5,0.0}; 147
0; {158.5,14.5,0.0}; 148
1; {294.49999999992656,66.5,0.0}; 148
2; {292.4999790724514,66.5,0.0}; 148
3; {288.4999955031361,66.5,0.0}; 148
4; {328.5,20.5,0.0}; 148
5; {233.5,111.5,0.0}; 148
0; {160.5,14.5,0.0}; 149
1; {296.49999999992656,66.5,0.0}; 149
2; {294.4999790724514,66.5,0.0}; 149
3; {290.4999955031361,66.5,0.0}; 149
4; {326.5,20.5,0.0}; 149
5; {235.5,111.5,0.0}; 149
0; {162.5,14.5,0.0}; 150
1; {298.49999999992656,66.5,0.0}; 150
2; {296.4999790724514,66.5,0.0}; 150
3; {292.4999955031361,66.5,0.0}; 150
4; {326.5,20.5,0.0}; 150
5; {237.5,111.5,0.0}; 150
0; {164.5,14.5,0.0}; 151
1; {300.49999999992656,66.5,0.0}; 151
2; {298.4999790724514,66.5,0.0}; 151
3; {294.4999955031361,66.5,0.0}; 151
4; {326.5,20.5,0.0}; 151
5; {239.5,111.5,0.0}; 151
0; {166.5,14.5,0.0}; 152
1; {302.49999999992656,66.5,0.0}; 152
2; {300.4999790724514,66.5,0.0}; 152
3; {296.4999955031361,66.5,0.0}; 152
4; {326.5,20.5,0.0}; 152
5; {241.5,111.5,0.0}; 152
0; {168.5,14.5,0.0}; 153
1; {304.49999999992656,66.5,0.0}; 153
2; {302.4999790724514,66.5,0.0}; 153
3; {298.4999955031361,66.5,0.0}; 153
4; {326.5,20.5,0.0}; 153
5; {242.5,110.5,0.0}; 153
0; {170.5,14.5,0.0}; 154
1; {306.49999999992656,66.5,0.0}; 154
2; {304.4999790724514,66.5,0.0}; 154
3; {300.4999955031361,66.5,0.0}; 154
4; {326.5,20.5,0.0}; 154
5; {243.5,109.5,0.0}; 154
0; {172.5,14.5,0.0}; 155
1; {308.49999999992656,66.5,0.0}; 155
2; {306.4999790724514,66.5,0.0}; 155
3; {302.4999955031361,66.5,0.0}; 155
4; {326.5,20.5,0.0}; 155
5; {244.5,108.5,0.0}; 155
0; {174.5,14.5,0.0}; 156
1; {308.5,64.5,0.0}; 156
2; {308.4999790724514,66.5,0.0}; 156
3; {304.4999955031361,66.5,0.0}; 156
4; {324.5,20.5,0.0}; 156
5; {245.5,107.5,0.0}; 156
0; {176.5,14.5,0.0}; 157
1; {308.5,62.5,0.0}; 157
2; {308.5,64.50000000021898,0.0}; 157
3; {306.4999955031361,66.5,0.0}; 157
4; {324.5,20.5,0.0}; 157
5; {246.5,106.5,0.0}; 157
0; {178.5,14.5,0.0}; 158
1; {307.5,61.5,0.0}; 158
2; {308.5,62.500000000218975,0.0}; 158
3; {308.4999955031361,66.5,0.0}; 158
4; {324.5,20.5,0.0}; 158
5; {247.5,105.5,0.0}; 158
0; {180.5,14.5,0.0}; 159
1; {305.5,61.5,0.0}; 159
2; {307.50000000021896,61.5,0.0}; 159
3; {308.5,64.5000000000101,0.0}; 159
4; {324.5,20.5,0.0}; 159
5; {248.5,104.5,0.0}; 159
0; {182.5,14.5,0.0}; 160
1; {304.5,60.5,0.0}; 160
2; {305.50000000021896,61.5,0.0}; 160
3; {308.5,62.500000000010104,0.0}; 160
4; {324.5,20.5,0.0}; 160
5; {249.5,103.5,0.0}; 160
0; {184.5,14.5,0.0}; 161
1; {304.5,58.5,0.0}; 161
2; {304.5,60.50000000021896,0.0}; 161
3; {307.5000000000101,61.5,0.0}; 161
4; {324.5,20.5,0.0}; 161
5; {250.5,102.5,0.0}; 161
0; {186.5,14.5,0.0}; 162
1; {304.5,58.5,0.0}; 162
2; {304.5,60.50000000021896,0.0}; 162
3; {307.5000000000101,61.5,0.0}; 162
4; {324.5,20.5,0.0}; 162
5; {250.5,102.5,0.0}; 162
0; {186.5,14.5,0.0}; 163
1; {304.5,58.5,0.0}; 163
2; {304.5,60.50000000021896,0.0}; 163
3; {307.5000000000101,61.5,0.0}; 163
4; {322.5,20.5,0.0}; 163
5; {250.5,102.5,0.0}; 163
0; {186.5,14.5,0.0}; 164
1; {304.5,58.5,0.0}; 164
2; {304.5,58.50000000021896,0.0}; 164
3; {305.5000000000101,61.5,0.0}; 164
4; {322.5,20.5,0.0}; 164
5; {249.5,103.5,0.0}; 164
0; {186.5,16.5,0.0}; 165
1; {304.5,58.5,0.0}; 165
2; {304.5,58.50000000021896,0.0}; 165
3; {305.5000000000101,61.5,0.0}; 165
4; {322.5,20.5,0.0}; 165
5; {249.5,103.5,0.0}; 165
0; {186.5,18.5,0.0}; 166
1; {304.5,58.5,0.0}; 166
2; {304.5,58.50000000021896,0.0}; 166
3; {305.5000000000101,61.5,0.0}; 166
4; {322.5,20.5,0.0}; 166
5; {249.5,103.5,0.0}; 166
0; {187.5,19.5,0.0}; 167
1; {304.5,58.5,0.0}; 167
2; {304.5,58.50000000021896,0.0}; 167
3; {307.5000000000101,61.5,0.0}; 167
4; {322.5,20.5,0.0}; 167
5; {249.5,103.5,0.0}; 167
0; {187.5,19.5,0.0}; 168
1; {304.5,60.5,0.0}; 168
2; {304.5,58.50000000021896,0.0}; 168
3; {308.5,62.50000000001012,0.0}; 168
4; {322.5,20.5,0.0}; 168
5; {249.5,103.5,0.0}; 168
0; {187.5,19.5,0.0}; 169
1; {305.5,61.5,0.0}; 169
2; {304.5,58.50000000021896,0.0}; 169
3; {308.5,64.50000000001012,0.0}; 169
4; {322.5,20.5,0.0}; 169
5; {249.5,103.5,0.0}; 169
0; {189.5,19.5,0.0}; 170
1; {307.5,61.5,0.0}; 170
2; {304.5,58.50000000021896,0.0}; 170
3; {308.4999999999899,66.5,0.0}; 170
4; {322.5,22.5,0.0}; 170
5; {249.5,103.5,0.0}; 170
0; {191.5,19.5,0.0}; 171
1; {308.5,62.5,0.0}; 171
2; {304.5,60.50000000021896,0.0}; 171
3; {306.4999999999899,66.5,0.0}; 171
4; {322.5,24.5,0.0}; 171
5; {247.5,103.5,0.0}; 171
0; {193.5,19.5,0.0}; 172
1; {308.5,64.5,0.0}; 172
2; {305.50000000021896,61.5,0.0}; 172
3; {304.4999999999899,66.5,0.0}; 172
4; {322.5,26.5,0.0}; 172
5; {247.5,103.5,0.0}; 172
0; {195.5,19.5,0.0}; 173
1; {308.5,66.5,0.0}; 173
2; {307.50000000021896,61.5,0.0}; 173
3; {302.4999999999899,66.5,0.0}; 173
4; {322.5,28.5,0.0}; 173
5; {247.5,103.5,0.0}; 173
0; {197.5,19.5,0.0}; 174
1; {306.5,66.5,0.0}; 174
2; {308.5,62.50000000021896,0.0}; 174
3; {300.4999999999899,66.5,0.0}; 174
4; {322.5,30.5,0.0}; 174
5; {247.5,103.5,0.0}; 174
0; {199.5,19.5,0.0}; 175
1; {304.5,66.5,0.0}; 175
2; {308.5,64.50000000021896,0.0}; 175
3; {298.4999999999899,66.5,0.0}; 175
4; {322.5,32.5,0.0}; 175
5; {247.5,103.5,0.0}; 175
0; {201.5,19.5,0.0}; 176
1; {302.5,66.5,0.0}; 176
2; {308.49999999978104,66.5,0.0}; 176
3; {296.4999999999899,66.5,0.0}; 176
4; {322.5,34.5,0.0}; 176
5; {247.5,103.5,0.0}; 176
0; {203.5,19.5,0.0}; 177
1; {300.5,66.5,0.0}; 177
2; {306.49999999978104,66.5,0.0}; 177
3; {294.4999999999899,66.5,0.0}; 177
4; {322.5,36.5,0.0}; 177
5; {247.5,103.5,0.0}; 177
0; {205.5,19.5,0.0}; 178
1; {298.5,66.5,0.0}; 178
2; {304.49999999978104,66.5,0.0}; 178
3; {292.4999999999899,66.5,0.0}; 178
4; {322.5,38.5,0.0}; 178
5; {247.5,101.5,0.0}; 178
0; {207.5,19.5,0.0}; 179
1; {296.5,66.5,0.0}; 179
2; {302.49999999978104,66.5,0.0}; 179
3; {290.4999999999899,66.5,0.0}; 179
4; {322.5,40.5,0.0}; 179
5; {247.5,101.5,0.0}; 179
0; {209.5,19.5,0.0}; 180
1; {294.5,66.5,0.0}; 180
2; {300.49999999978104,66.5,0.0}; 180
3; {288.4999999999899,66.5,0.0}; 180
4; {322.5,42.5,0.0}; 180
5; {247.5,101.5,0.0}; 180
0; {211.5,19.5,0.0}; 181
1; {292.5,66.5,0.0}; 181
2; {298.49999999978104,66.5,0.0}; 181
3; {286.4999999999899,66.5,0.0}; 181
4; {322.5,44.5,0.0}; 181
5; {247.5,101.5,0.0}; 181
0; {213.5,19.5,0.0}; 182
1; {290.5,66.5,0.0}; 182
2; {296.49999999978104,66.5,0.0}; 182
3; {285.4999999999899,67.5,0.0}; 182
4; {322.5,46.5,0.0}; 182
5; {247.5,101.5,0.0}; 182
0; {215.5,19.5,0.0}; 183
1; {289.5,67.5,0.0}; 183
2; {294.49999999978104,66.5,0.0}; 183
3; {285.5,69.5,0.0}; 183
4; {322.5,48.5,0.0}; 183
5; {247.5,101.5,0.0}; 183
0; {217.5,19.5,0.0}; 184
1; {289.5,69.5,0.0}; 184
2; {292.5,66.50000000021896,0.0}; 184
3; {285.5,71.5,0.0}; 184
4; {322.5,50.5,0.0}; 184
5; {247.5,101.5,0.0}; 184
0; {219.5,19.5,0.0}; 185
1; {289.5,71.5,0.0}; 185
2; {292.5,68.50000000021896,0.0}; 185
3; {285.5,73.5,0.0}; 185
4; {322.5,52.5,0.0}; 185
5; {247.5,99.5,0.0}; 185
0; {221.5,19.5,0.0}; 186
1; {289.5,73.5,0.0}; 186
2; {292.5,70.50000000021896,0.0}; 186
3; {285.5,75.5,0.0}; 186
4; {322.5,54.5,0.0}; 186
5; {247.5,99.5,0.0}; 186
0; {223.5,19.5,0.0}; 187
1; {289.5,73.5,0.0}; 187
2; {292.5,70.50000000021896,0.0}; 187
3; {285.5,75.5,0.0}; 187
4; {322.5,56.5,0.0}; 187
5; {247.5,99.5,0.0}; 187
0; {225.5,19.5,0.0}; 188
1; {289.5,73.5,0.0}; 188
2; {292.5,70.50000000021896,0.0}; 188
3; {285.5,75.5,0.0}; 188
4; {322.5,58.5,0.0}; 188
5; {247.5,99.5,0.0}; 188
0; {227.5,19.5,0.0}; 189
1; {289.5,73.5,0.0}; 189
2; {292.5,70.50000000021896,0.0}; 189
3; {285.5,75.5,0.0}; 189
4; {322.5,60.5,0.0}; 189
5; {247.5,99.5,0.0}; 189
0; {229.5,19.5,0.0}; 190
1; {289.5,73.5,0.0}; 190
2; {292.5,70.50000000021896,0.0}; 190
3; {285.5,75.5,0.0}; 190
4; {321.5,61.5,0.0}; 190
5; {247.5,99.5,0.0}; 190
0; {231.5,19.5,0.0}; 191
1; {289.5,73.5,0.0}; 191
2; {292.5,70.50000000021896,0.0}; 191
3; {285.5,75.5,0.0}; 191
4; {321.5,63.5,0.0}; 191
5; {247.5,99.5,0.0}; 191
0; {233.5,19.5,0.0}; 192
1; {289.5,73.5,0.0}; 192
2; {292.5,70.50000000021896,0.0}; 192
3; {285.5,75.5,0.0}; 192
4; {321.5,65.5,0.0}; 192
5; {247.5,97.5,0.0}; 192
0; {235.5,19.5,0.0}; 193
1; {291.5,73.5,0.0}; 193
2; {292.5,72.50000000021896,0.0}; 193
3; {287.5,75.5,0.0}; 193
4; {322.5,66.5,0.0}; 193
5; {247.5,97.5,0.0}; 193
0; {237.5,19.5,0.0}; 194
1; {291.5,73.5,0.0}; 194
2; {292.5,72.50000000021896,0.0}; 194
3; {287.5,75.5,0.0}; 194
4; {324.5,66.5,0.0}; 194
5; {247.5,97.5,0.0}; 194
0; {239.5,19.5,0.0}; 195
1; {291.5,73.5,0.0}; 195
2; {292.5,72.50000000021896,0.0}; 195
3; {287.5,75.5,0.0}; 195
4; {326.5,66.5,0.0}; 195
5; {247.5,97.5,0.0}; 195
0; {241.5,19.5,0.0}; 196
1; {291.5,73.5,0.0}; 196
2; {292.5,72.50000000021896,0.0}; 196
3; {287.5,75.5,0.0}; 196
4; {328.5,66.5,0.0}; 196
5; {247.5,97.5,0.0}; 196
0; {243.5,19.5,0.0}; 197
1; {291.5,73.5,0.0}; 197
2; {292.5,72.50000000021896,0.0}; 197
3; {287.5,75.5,0.0}; 197
4; {330.5,66.5,0.0}; 197
5; {247.5,97.5,0.0}; 197
0; {245.5,19.5,0.0}; 198
1; {291.5,73.5,0.0}; 198
2; {292.5,72.50000000021896,0.0}; 198
3; {287.5,75.5,0.0}; 198
4; {332.5,66.5,0.0}; 198
5; {247.5,97.5,0.0}; 198
0; {247.5,19.5,0.0}; 199
1; {291.5,73.5,0.0}; 199
2; {292.5,72.50000000021896,0.0}; 199
3; {287.5,75.5,0.0}; 199
4; {334.5,66.5,0.0}; 199
5; {249.5,97.5,0.0}; 199
0; {249.5,19.5,0.0}; 200
1; {291.5,75.5,0.0}; 200
2; {292.5,74.50000000021896,0.0}; 200
3; {287.5,77.5,0.0}; 200
4; {336.5,66.5,0.0}; 200
5; {251.5,97.5,0.0}; 200
0; {251.5,19.5,0.0}; 201
1; {291.5,77.5,0.0}; 201
2; {292.5,76.50000000021896,0.0}; 201
3; {287.5,79.5,0.0}; 201
4; {338.5,66.5,0.0}; 201
5; {251.5,97.5,0.0}; 201
0; {253.5,19.5,0.0}; 202
1; {291.5,77.5,0.0}; 202
2; {292.5,76.50000000021896,0.0}; 202
3; {287.5,79.5,0.0}; 202
4; {340.5,66.5,0.0}; 202
5; {251.5,97.5,0.0}; 202
0; {255.5,19.5,0.0}; 203
1; {291.5,77.5,0.0}; 203
2; {292.5,76.50000000021896,0.0}; 203
3; {287.5,79.5,0.0}; 203
4; {340.5,68.5,0.0}; 203
5; {251.5,97.5,0.0}; 203
0; {257.5,19.5,0.0}; 204
1; {291.5,79.5,0.0}; 204
2; {292.5,78.50000000021896,0.0}; 204
3; {287.5,81.5,0.0}; 204
4; {340.5,70.5,0.0}; 204
5; {251.5,97.5,0.0}; 204
0; {259.5,19.5,0.0}; 205
1; {291.5,81.5,0.0}; 205
2; {292.5,80.50000000021896,0.0}; 205
3; {287.5,83.5,0.0}; 205
4; {340.5,72.5,0.0}; 205
5; {251.5,97.5,0.0}; 205
0; {261.5,19.5,0.0}; 206
1; {291.5,83.5,0.0}; 206
2; {292.5,82.50000000021896,0.0}; 206
3; {287.5,85.5,0.0}; 206
4; {340.5,74.5,0.0}; 206
5; {251.5,97.5,0.0}; 206
0; {263.5,19.5,0.0}; 207
1; {291.5,85.5,0.0}; 207
2; {292.5,84.50000000021896,0.0}; 207
3; {287.5,87.5,0.0}; 207
4; {340.5,76.5,0.0}; 207
5; {249.5,97.5,0.0}; 207
0; {265.5,19.5,0.0}; 208
1; {291.5,87.5,0.0}; 208
2; {292.5,86.50000000021896,0.0}; 208
3; {287.5,89.5,0.0}; 208
4; {340.5,78.5,0.0}; 208
5; {247.5,97.5,0.0}; 208
0; {267.5,19.5,0.0}; 209
1; {291.5,89.5,0.0}; 209
2; {292.5,88.50000000021896,0.0}; 209
3; {287.5,91.5,0.0}; 209
4; {340.5,80.5,0.0}; 209
5; {245.5,97.5,0.0}; 209
0; {269.5,19.5,0.0}; 210
1; {291.5,91.5,0.0}; 210
2; {292.5,90.50000000021896,0.0}; 210
3; {287.5,93.5,0.0}; 210
4; {340.5,82.5,0.0}; 210
5; {243.5,97.5,0.0}; 210
0; {269.5,19.5,0.0}; 211
1; {291.5,93.5,0.0}; 211
2; {292.5,92.50000000021896,0.0}; 211
3; {287.5,95.5,0.0}; 211
4; {340.5,84.5,0.0}; 211
5; {243.5,97.5,0.0}; 211
0; {269.5,19.5,0.0}; 212
1; {291.5,95.5,0.0}; 212
2; {292.5,94.50000000021896,0.0}; 212
3; {287.5,95.5,0.0}; 212
4; {340.5,86.5,0.0}; 212
5; {243.5,97.5,0.0}; 212
0; {269.5,19.5,0.0}; 213
1; {291.5,95.5,0.0}; 213
2; {292.5,94.50000000021896,0.0}; 213
3; {287.5,95.5,0.0}; 213
4; {340.5,88.5,0.0}; 213
5; {245.5,97.5,0.0}; 213
0; {269.5,19.5,0.0}; 214
1; {291.5,95.5,0.0}; 214
2; {292.5,94.50000000021896,0.0}; 214
3; {287.5,95.5,0.0}; 214
4; {340.5,90.5,0.0}; 214
5; {247.5,97.5,0.0}; 214
0; {271.5,19.5,0.0}; 215
1; {291.5,95.5,0.0}; 215
2; {292.5,96.50000000021896,0.0}; 215
3; {287.5,95.5,0.0}; 215
4; {340.5,92.5,0.0}; 215
5; {249.5,97.5,0.0}; 215
0; {273.5,19.5,0.0}; 216
1; {291.5,95.5,0.0}; 216
2; {292.5,98.50000000021896,0.0}; 216
3; {287.5,95.5,0.0}; 216
4; {340.5,94.5,0.0}; 216
5; {251.5,97.5,0.0}; 216
0; {275.5,19.5,0.0}; 217
1; {291.5,95.5,0.0}; 217
2; {292.5,98.50000000021896,0.0}; 217
3; {287.5,95.5,0.0}; 217
4; {340.5,96.5,0.0}; 217
5; {251.5,97.5,0.0}; 217
0; {275.5,19.5,0.0}; 218
1; {291.5,95.5,0.0}; 218
2; {292.5,98.50000000021896,0.0}; 218
3; {289.5,95.5,0.0}; 218
4; {340.5,96.5,0.0}; 218
5; {251.5,97.5,0.0}; 218
0; {275.5,19.5,0.0}; 219
1; {293.5,95.5,0.0}; 219
2; {292.5,98.50000000021896,0.0}; 219
3; {291.5,95.5,0.0}; 219
4; {340.5,96.5,0.0}; 219
5; {253.5,97.5,0.0}; 219
0; {277.5,19.5,0.0}; 220
1; {295.5,95.5,0.0}; 220
2; {292.5,98.50000000021896,0.0}; 220
3; {293.5,95.5,0.0}; 220
4; {340.5,96.5,0.0}; 220
5; {255.5,97.5,0.0}; 220
0; {279.5,19.5,0.0}; 221
1; {297.5,95.5,0.0}; 221
2; {292.5,98.50000000021896,0.0}; 221
3; {295.5,95.5,0.0}; 221
4; {340.5,96.5,0.0}; 221
5; {257.5,97.5,0.0}; 221
0; {281.5,19.5,0.0}; 222
1; {299.5,95.5,0.0}; 222
2; {292.5,98.50000000021896,0.0}; 222
3; {297.5,95.5,0.0}; 222
4; {340.5,96.5,0.0}; 222
5; {259.5,97.5,0.0}; 222
0; {283.5,19.5,0.0}; 223
1; {301.5,95.5,0.0}; 223
2; {294.5,98.5,0.0}; 223
3; {299.5,95.5,0.0}; 223
4; {340.5,96.5,0.0}; 223
5; {261.5,97.5,0.0}; 223
0; {285.5,19.5,0.0}; 224
1; {303.5,95.5,0.0}; 224
2; {296.5,98.5,0.0}; 224
3; {301.5,95.5,0.0}; 224
4; {340.5,98.5,0.0}; 224
5; {263.5,97.5,0.0}; 224
0; {287.5,19.5,0.0}; 225
1; {305.5,95.5,0.0}; 225
2; {298.5,98.5,0.0}; 225
3; {303.5,95.5,0.0}; 225
4; {340.5,98.5,0.0}; 225
5; {263.5,97.5,0.0}; 225
0; {287.5,19.5,0.0}; 226
1; {305.5,95.5,0.0}; 226
2; {298.5,98.5,0.0}; 226
3; {303.5,95.5,0.0}; 226
4; {340.5,98.5,0.0}; 226
5; {263.5,97.5,0.0}; 226
0; {287.5,19.5,0.0}; 227
1; {305.5,95.5,0.0}; 227
2; {298.5,98.5,0.0}; 227
3; {303.5,95.5,0.0}; 227
4; {340.5,98.5,0.0}; 227
5; {265.5,97.5,0.0}; 227
0; {289.5,19.5,0.0}; 228
1; {307.5,95.5,0.0}; 228
2; {300.5,98.5,0.0}; 228
3; {305.5,95.5,0.0}; 228
4; {340.5,98.5,0.0}; 228
5; {267.5,97.5,0.0}; 228
0; {291.5,19.5,0.0}; 229
1; {309.5,95.5,0.0}; 229
2; {302.5,98.5,0.0}; 229
3; {307.5,95.5,0.0}; 229
4; {340.5,98.5,0.0}; 229
5; {269.5,97.5,0.0}; 229
0; {293.5,19.5,0.0}; 230
1; {311.5,95.5,0.0}; 230
2; {304.5,98.5,0.0}; 230
3; {309.5,95.5,0.0}; 230
4; {340.5,98.5,0.0}; 230
5; {271.5,97.5,0.0}; 230
0; {295.5,19.5,0.0}; 231
1; {313.5,95.5,0.0}; 231
2; {306.5,98.5,0.0}; 231
3; {311.5,95.5,0.0}; 231
4; {342.5,98.5,0.0}; 231
5; {273.5,97.5,0.0}; 231
0; {297.5,19.5,0.0}; 232
1; {315.5,95.5,0.0}; 232
2; {308.5,98.5,0.0}; 232
3; {313.5,95.5,0.0}; 232
4; {342.5,98.5,0.0}; 232
5; {273.5,97.5,0.0}; 232
0; {297.5,19.5,0.0}; 233
1; {315.5,95.5,0.0}; 233
2; {308.5,98.5,0.0}; 233
3; {313.5,95.5,0.0}; 233
4; {342.5,98.5,0.0}; 233
5; {273.5,97.5,0.0}; 233
0; {297.5,19.5,0.0}; 234
1; {315.5,95.5,0.0}; 234
2; {308.5,98.5,0.0}; 234
3; {313.5,95.5,0.0}; 234
4; {342.5,98.5,0.0}; 234
5; {275.5,97.5,0.0}; 234
0; {299.5,19.5,0.0}; 235
1; {317.5,95.5,0.0}; 235
2; {310.5,98.5,0.0}; 235
3; {315.5,95.5,0.0}; 235
4; {342.5,98.5,0.0}; 235
5; {277.5,97.5,0.0}; 235
0; {301.5,19.5,0.0}; 236
1; {319.5,95.5,0.0}; 236
2; {312.5,98.5,0.0}; 236
3; {317.5,95.5,0.0}; 236
4; {342.5,98.5,0.0}; 236
5; {279.5,97.5,0.0}; 236
0; {303.5,19.5,0.0}; 237
1; {321.5,95.5,0.0}; 237
2; {314.5,98.5,0.0}; 237
3; {319.5,95.5,0.0}; 237
4; {342.5,98.5,0.0}; 237
5; {281.5,97.5,0.0}; 237
0; {304.5,20.5,0.0}; 238
1; {323.5,95.5,0.0}; 238
2; {316.5,98.5,0.0}; 238
3; {321.5,95.5,0.0}; 238
4; {344.5,98.5,0.0}; 238
5; {283.5,97.5,0.0}; 238
0; {304.5,22.5,0.0}; 239
1; {325.5,95.5,0.0}; 239
2; {318.5,98.5,0.0}; 239
3; {323.5,95.5,0.0}; 239
4; {346.5,98.5,0.0}; 239
5; {285.5,97.5,0.0}; 239
0; {304.5,24.5,0.0}; 240
1; {327.5,95.5,0.0}; 240
2; {320.5,98.5,0.0}; 240
3; {325.5,95.5,0.0}; 240
4; {348.5,98.5,0.0}; 240
5; {287.5,97.5,0.0}; 240
0; {304.5,24.5,0.0}; 241
1; {327.5,95.5,0.0}; 241
2; {320.5,98.5,0.0}; 241
3; {325.5,95.5,0.0}; 241
4; {348.5,98.5,0.0}; 241
5; {287.5,97.5,0.0}; 241
0; {304.5,24.5,0.0}; 242
1; {327.5,95.5,0.0}; 242
2; {320.5,98.5,0.0}; 242
3; {325.5,95.5,0.0}; 242
4; {348.5,98.5,0.0}; 242
5; {287.5,97.5,0.0}; 242
0; {304.5,22.5,0.0}; 243
1; {328.5,96.5,0.0}; 243
2; {322.5,98.5,0.0}; 243
3; {326.5,96.5,0.0}; 243
4; {348.5,100.5,0.0}; 243
5; {287.5,99.5,0.0}; 243
0; {304.5,22.5,0.0}; 244
1; {329.5,97.5,0.0}; 244
2; {324.5,98.5,0.0}; 244
3; {327.5,97.5,0.0}; 244
4; {348.5,102.5,0.0}; 244
5; {287.5,101.5,0.0}; 244
0; {304.5,22.5,0.0}; 245
1; {329.5,99.5,0.0}; 245
2; {325.5,99.5,0.0}; 245
3; {328.5,98.5,0.0}; 245
4; {348.5,104.5,0.0}; 245
5; {287.5,103.5,0.0}; 245
0; {304.5,21.5,0.0}; 246
1; {331.5,99.5,0.0}; 246
2; {326.5,100.5,0.0}; 246
3; {329.5,99.5,0.0}; 246
4; {348.5,106.5,0.0}; 246
5; {287.5,105.5,0.0}; 246
0; {305.5,21.5,0.0}; 247
1; {331.5,101.5,0.0}; 247
2; {327.5,101.5,0.0}; 247
3; {330.5,100.5,0.0}; 247
4; {348.5,108.5,0.0}; 247
5; {287.5,107.5,0.0}; 247
0; {306.5,20.5,0.0}; 248
1; {332.5,102.5,0.0}; 248
2; {328.5,102.5,0.0}; 248
3; {331.5,101.5,0.0}; 248
4; {348.5,110.5,0.0}; 248
5; {287.5,109.5,0.0}; 248
0; {308.5,20.5,0.0}; 249
1; {334.5,102.5,0.0}; 249
2; {329.5,103.5,0.0}; 249
3; {332.5,102.5,0.0}; 249
4; {350.5,110.5,0.0}; 249
5; {287.5,111.5,0.0}; 249
0; {310.5,20.5,0.0}; 250
1; {335.5,103.5,0.0}; 250
2; {330.5,104.5,0.0}; 250
3; {333.5,103.5,0.0}; 250
4; {350.5,112.5,0.0}; 250
5; {287.5,111.5,0.0}; 250
0; {312.5,20.5,0.0}; 251
1; {336.5,104.5,0.0}; 251
2; {331.5,105.5,0.0}; 251
3; {334.5,104.5,0.0}; 251
4; {350.5,112.5,0.0}; 251
5; {287.5,111.5,0.0}; 251
0; {314.5,20.5,0.0}; 252
1; {337.5,105.5,0.0}; 252
2; {332.5,106.5,0.0}; 252
3; {335.5,105.5,0.0}; 252
4; {350.5,112.5,0.0}; 252
5; {286.5,110.5,0.0}; 252
0; {316.5,20.5,0.0}; 253
1; {337.5,107.5,0.0}; 253
2; {333.5,107.5,0.0}; 253
3; {336.5,106.5,0.0}; 253
4; {350.5,113.5,0.0}; 253
5; {285.5,109.5,0.0}; 253
0; {318.5,20.5,0.0}; 254
1; {339.5,107.5,0.0}; 254
2; {334.5,108.5,0.0}; 254
3; {337.5,107.5,0.0}; 254
4; {350.5,113.5,0.0}; 254
5; {284.5,108.5,0.0}; 254
0; {320.5,20.5,0.0}; 255
1; {339.5,109.5,0.0}; 255
2; {335.5,109.5,0.0}; 255
3; {338.5,108.5,0.0}; 255
4; {351.5,113.5,0.0}; 255
5; {283.5,107.5,0.0}; 255
0; {322.5,20.5,0.0}; 256
1; {340.5,110.5,0.0}; 256
2; {336.5,110.5,0.0}; 256
3; {339.5,109.5,0.0}; 256
4; {352.5,113.5,0.0}; 256
5; {282.5,106.5,0.0}; 256
0; {322.5,20.5,0.0}; 257
1; {342.5,110.5,0.0}; 257
2; {337.5,111.5,0.0}; 257
3; {340.5,110.5,0.0}; 257
4; {352.5,114.5,0.0}; 257
5; {281.5,105.5,0.0}; 257
0; {322.5,20.5,0.0}; 258
1; {343.5,111.5,0.0}; 258
2; {338.5,112.5,0.0}; 258
3; {340.5,112.5,0.0}; 258
4; {353.5,114.5,0.0}; 258
5; {280.5,104.5,0.0}; 258
0; {322.5,22.5,0.0}; 259
1; {343.5,111.5,0.0}; 259
2; {339.5,113.5,0.0}; 259
3; {340.5,112.5,0.0}; 259
4; {355.5,114.5,0.0}; 259
5; {279.5,103.5,0.0}; 259
0; {322.5,24.5,0.0}; 260
1; {343.5,111.5,0.0}; 260
2; {339.5,113.5,0.0}; 260
3; {340.5,112.5,0.0}; 260
4; {357.5,114.5,0.0}; 260
5; {278.5,102.5,0.0}; 260
0; {322.5,26.5,0.0}; 261
1; {343.5,109.5,0.0}; 261
2; {339.5,113.5,0.0}; 261
3; {340.5,110.5,0.0}; 261
4; {359.5,114.5,0.0}; 261
5; {277.5,101.5,0.0}; 261
0; {321.5,27.5,0.0}; 262
1; {343.5,107.5,0.0}; 262
2; {339.5,111.5,0.0}; 262
3; {340.5,108.5,0.0}; 262
4; {361.5,114.5,0.0}; 262
5; {276.5,100.5,0.0}; 262
0; {320.5,28.5,0.0}; 263
1; {343.5,105.5,0.0}; 263
2; {339.5,109.5,0.0}; 263
3; {340.5,106.5,0.0}; 263
4; {363.5,114.5,0.0}; 263
5; {275.5,99.5,0.0}; 263
0; {319.5,29.5,0.0}; 264
1; {343.5,103.5,0.0}; 264
2; {339.5,107.5,0.0}; 264
3; {340.5,104.5,0.0}; 264
4; {365.5,114.5,0.0}; 264
5; {274.5,98.5,0.0}; 264
0; {318.5,30.5,0.0}; 265
1; {343.5,101.5,0.0}; 265
2; {339.5,105.5,0.0}; 265
3; {340.5,102.5,0.0}; 265
4; {367.5,114.5,0.0}; 265
5; {273.5,97.5,0.0}; 265
0; {317.5,31.5,0.0}; 266
1; {343.5,99.5,0.0}; 266
2; {339.5,103.5,0.0}; 266
3; {340.5,100.5,0.0}; 266
4; {369.5,114.5,0.0}; 266
5; {272.5,96.5,0.0}; 266
0; {316.5,32.5,0.0}; 267
1; {343.5,97.5,0.0}; 267
2; {339.5,101.5,0.0}; 267
3; {340.5,98.5,0.0}; 267
4; {371.5,114.5,0.0}; 267
5; {271.5,95.5,0.0}; 267
0; {315.5,33.5,0.0}; 268
1; {343.5,95.5,0.0}; 268
2; {339.5,99.5,0.0}; 268
3; {340.5,96.5,0.0}; 268
4; {373.5,114.5,0.0}; 268
5; {270.5,94.5,0.0}; 268
0; {314.5,34.5,0.0}; 269
1; {342.5,94.5,0.0}; 269
2; {339.5,97.5,0.0}; 269
3; {340.5,94.5,0.0}; 269
4; {375.5,114.5,0.0}; 269
5; {269.5,93.5,0.0}; 269
0; {313.5,35.5,0.0}; 270
1; {341.5,93.5,0.0}; 270
2; {339.5,95.5,0.0}; 270
3; {340.5,92.5,0.0}; 270
4; {377.5,114.5,0.0}; 270
5; {268.5,92.5,0.0}; 270
0; {312.5,36.5,0.0}; 271
1; {340.5,92.5,0.0}; 271
2; {339.5,93.5,0.0}; 271
3; {339.5,91.5,0.0}; 271
4; {379.5,114.5,0.0}; 271
5; {267.5,91.5,0.0}; 271
0; {311.5,37.5,0.0}; 272
1; {339.5,91.5,0.0}; 272
2; {339.5,91.5,0.0}; 272
3; {338.5,90.5,0.0}; 272
4; {381.5,114.5,0.0}; 272
5; {266.5,90.5,0.0}; 272
0; {310.5,38.5,0.0}; 273
1; {338.5,90.5,0.0}; 273
2; {338.5,90.5,0.0}; 273
3; {337.5,89.5,0.0}; 273
4; {383.5,114.5,0.0}; 273
5; {265.5,89.5,0.0}; 273
0; {309.5,39.5,0.0}; 274
1; {337.5,89.5,0.0}; 274
2; {337.5,89.5,0.0}; 274
3; {336.5,88.5,0.0}; 274
4; {385.5,114.5,0.0}; 274
5; {263.5,89.5,0.0}; 274
0; {308.5,40.5,0.0}; 275
1; {336.5,88.5,0.0}; 275
2; {336.5,88.5,0.0}; 275
3; {335.5,87.5,0.0}; 275
4; {387.5,114.5,0.0}; 275
5; {261.5,89.5,0.0}; 275
0; {307.5,41.5,0.0}; 276
1; {335.5,87.5,0.0}; 276
2; {335.5,87.5,0.0}; 276
3; {334.5,86.5,0.0}; 276
4; {389.5,114.5,0.0}; 276
5; {260.5,88.5,0.0}; 276
0; {306.5,42.5,0.0}; 277
1; {334.5,86.5,0.0}; 277
2; {334.5,86.5,0.0}; 277
3; {333.5,85.5,0.0}; 277
4; {391.5,114.5,0.0}; 277
5; {260.5,88.5,0.0}; 277
0; {306.5,42.5,0.0}; 278
1; {333.5,85.5,0.0}; 278
2; {333.5,85.5,0.0}; 278
3; {332.5,84.5,0.0}; 278
4; {391.5,114.5,0.0}; 278
5; {260.5,88.5,0.0}; 278
0; {306.5,42.5,0.0}; 279
1; {332.5,84.5,0.0}; 279
2; {332.5,84.5,0.0}; 279
3; {331.5,83.5,0.0}; 279
4; {391.5,114.5,0.0}; 279
5; {259.5,87.5,0.0}; 279
0; {306.5,44.5,0.0}; 280
1; {331.5,83.5,0.0}; 280
2; {331.5,83.5,0.0}; 280
3; {330.5,82.5,0.0}; 280
4; {392.5,114.5,0.0}; 280
5; {259.5,87.5,0.0}; 280
0; {306.5,46.5,0.0}; 281
1; {330.5,82.5,0.0}; 281
2; {330.5,82.5,0.0}; 281
3; {329.5,81.5,0.0}; 281
4; {392.5,112.5,0.0}; 281
5; {257.5,87.5,0.0}; 281
0; {306.5,48.5,0.0}; 282
1; {329.5,81.5,0.0}; 282
2; {329.5,81.5,0.0}; 282
3; {328.5,80.5,0.0}; 282
4; {392.5,110.5,0.0}; 282
5; {255.5,87.5,0.0}; 282
0; {306.5,50.5,0.0}; 283
1; {328.5,80.5,0.0}; 283
2; {328.5,80.5,0.0}; 283
3; {327.5,79.5,0.0}; 283
4; {392.5,108.5,0.0}; 283
5; {253.5,87.5,0.0}; 283
0; {306.5,52.5,0.0}; 284
1; {327.5,79.5,0.0}; 284
2; {327.5,79.5,0.0}; 284
3; {326.5,78.5,0.0}; 284
4; {392.5,106.5,0.0}; 284
5; {251.5,87.5,0.0}; 284
0; {308.5,52.5,0.0}; 285
1; {326.5,78.5,0.0}; 285
2; {326.5,78.5,0.0}; 285
3; {325.5,77.5,0.0}; 285
4; {392.5,104.5,0.0}; 285
5; {249.5,87.5,0.0}; 285
0; {309.5,53.5,0.0}; 286
1; {325.5,77.5,0.0}; 286
2; {325.5,77.5,0.0}; 286
3; {324.5,76.5,0.0}; 286
4; {392.5,102.5,0.0}; 286
5; {247.5,87.5,0.0}; 286
0; {309.5,55.5,0.0}; 287
1; {324.5,76.5,0.0}; 287
2; {324.5,76.5,0.0}; 287
3; {323.5,75.5,0.0}; 287
4; {392.5,100.5,0.0}; 287
5; {245.5,87.5,0.0}; 287
0; {310.5,56.5,0.0}; 288
1; {323.5,75.5,0.0}; 288
2; {323.5,75.5,0.0}; 288
3; {322.5,74.5,0.0}; 288
4; {392.5,98.5,0.0}; 288
5; {243.5,87.5,0.0}; 288
0; {312.5,56.5,0.0}; 289
1; {322.5,74.5,0.0}; 289
2; {322.5,74.5,0.0}; 289
3; {321.5,73.5,0.0}; 289
4; {392.5,96.5,0.0}; 289
5; {241.5,87.5,0.0}; 289
0; {313.5,57.5,0.0}; 290
1; {321.5,73.5,0.0}; 290
2; {321.5,73.5,0.0}; 290
3; {320.5,72.5,0.0}; 290
4; {392.5,94.5,0.0}; 290
5; {239.5,87.5,0.0}; 290
0; {313.5,59.5,0.0}; 291
1; {320.5,72.5,0.0}; 291
2; {320.5,72.5,0.0}; 291
3; {319.5,71.5,0.0}; 291
4; {392.5,92.5,0.0}; 291
5; {237.5,87.5,0.0}; 291
0; {313.5,59.5,0.0}; 292
1; {319.5,71.5,0.0}; 292
2; {319.5,71.5,0.0}; 292
3; {318.5,70.5,0.0}; 292
4; {393.5,91.5,0.0}; 292
5; {235.5,87.5,0.0}; 292
0; {313.5,59.5,0.0}; 293
1; {318.5,70.5,0.0}; 293
2; {318.5,70.5,0.0}; 293
3; {318.5,68.5,0.0}; 293
4; {393.5,89.5,0.0}; 293
5; {233.5,87.5,0.0}; 293
0; {313.5,57.5,0.0}; 294
1; {318.5,68.5,0.0}; 294
2; {318.5,68.5,0.0}; 294
3; {318.5,68.5,0.0}; 294
4; {394.5,88.5,0.0}; 294
5; {231.5,87.5,0.0}; 294
0; {313.5,55.5,0.0}; 295
1; {318.5,68.5,0.0}; 295
2; {318.5,68.5,0.0}; 295
3; {318.5,68.5,0.0}; 295
4; {394.5,88.5,0.0}; 295
5; {229.5,87.5,0.0}; 295
0; {313.5,53.5,0.0}; 296
1; {318.5,68.5,0.0}; 296
2; {318.5,68.5,0.0}; 296
3; {318.5,67.5,0.0}; 296
4; {394.5,88.5,0.0}; 296
5; {227.5,87.5,0.0}; 296
0; {313.5,51.5,0.0}; 297
1; {318.5,67.5,0.0}; 297
2; {319.5,67.5,0.0}; 297
3; {318.5,67.5,0.0}; 297
4; {396.5,88.5,0.0}; 297
5; {225.5,87.5,0.0}; 297
0; {313.5,49.5,0.0}; 298
1; {318.5,67.5,0.0}; 298
2; {319.5,67.5,0.0}; 298
3; {319.5,67.5,0.0}; 298
4; {398.5,88.5,0.0}; 298
5; {223.5,87.5,0.0}; 298
0; {313.5,47.5,0.0}; 299
1; {319.5,67.5,0.0}; 299
2; {320.5,67.5,0.0}; 299
3; {320.5,67.5,0.0}; 299
4; {400.5,88.5,0.0}; 299
5; {223.5,87.5,0.0}; 299
0; {313.5,45.5,0.0}; 300
1; {319.5,65.5,0.0}; 300
2; {320.5,65.5,0.0}; 300
3; {320.5,65.5,0.0}; 300
4; {402.5,88.5,0.0}; 300
5; {223.5,87.5,0.0}; 300
0; {313.5,43.5,0.0}; 301
1; {320.5,64.5,0.0}; 301
2; {320.5,63.5,0.0}; 301
3; {320.5,63.5,0.0}; 301
4; {404.5,88.5,0.0}; 301
5; {221.5,87.5,0.0}; 301
0; {313.5,41.5,0.0}; 302
1; {321.5,63.5,0.0}; 302
2; {321.5,62.5,0.0}; 302
3; {321.5,62.5,0.0}; 302
4; {406.5,88.5,0.0}; 302
5; {219.5,87.5,0.0}; 302
0; {313.5,39.5,0.0}; 303
1; {321.5,61.5,0.0}; 303
2; {322.5,61.5,0.0}; 303
3; {322.5,61.5,0.0}; 303
4; {408.5,88.5,0.0}; 303
5; {219.5,87.5,0.0}; 303
0; {313.5,37.5,0.0}; 304
1; {321.5,59.5,0.0}; 304
2; {322.5,59.5,0.0}; 304
3; {322.5,59.5,0.0}; 304
4; {410.5,88.5,0.0}; 304
5; {217.5,87.5,0.0}; 304
0; {313.5,35.5,0.0}; 305
1; {321.5,57.5,0.0}; 305
2; {322.5,57.5,0.0}; 305
3; {322.5,57.5,0.0}; 305
4; {412.5,88.5,0.0}; 305
5; {215.5,87.5,0.0}; 305
0; {314.5,34.5,0.0}; 306
1; {321.5,55.5,0.0}; 306
2; {322.5,55.5,0.0}; 306
3; {322.5,55.5,0.0}; 306
4; {414.5,88.5,0.0}; 306
5; {213.5,87.5,0.0}; 306
0; {315.5,33.5,0.0}; 307
1; {321.5,53.5,0.0}; 307
2; {322.5,53.5,0.0}; 307
3; {322.5,53.5,0.0}; 307
4; {416.5,88.5,0.0}; 307
5; {211.5,87.5,0.0}; 307
0; {316.5,32.5,0.0}; 308
1; {321.5,51.5,0.0}; 308
2; {322.5,51.5,0.0}; 308
3; {322.5,51.5,0.0}; 308
4; {418.5,88.5,0.0}; 308
5; {209.5,87.5,0.0}; 308
0; {317.5,31.5,0.0}; 309
1; {321.5,49.5,0.0}; 309
2; {322.5,49.5,0.0}; 309
3; {322.5,49.5,0.0}; 309
4; {420.5,88.5,0.0}; 309
5; {207.5,87.5,0.0}; 309
0; {318.5,30.5,0.0}; 310
1; {321.5,47.5,0.0}; 310
2; {322.5,47.5,0.0}; 310
3; {322.5,47.5,0.0}; 310
4; {421.5,89.5,0.0}; 310
5; {205.5,87.5,0.0}; 310
0; {319.5,29.5,0.0}; 311
1; {321.5,45.5,0.0}; 311
2; {322.5,45.5,0.0}; 311
3; {322.5,45.5,0.0}; 311
4; {422.5,90.5,0.0}; 311
5; {203.5,87.5,0.0}; 311
0; {320.5,28.5,0.0}; 312
1; {321.5,43.5,0.0}; 312
2; {322.5,43.5,0.0}; 312
3; {322.5,43.5,0.0}; 312
4; {424.5,90.5,0.0}; 312
5; {201.5,87.5,0.0}; 312
0; {321.5,27.5,0.0}; 313
1; {321.5,41.5,0.0}; 313
2; {322.5,41.5,0.0}; 313
3; {322.5,41.5,0.0}; 313
4; {424.5,92.5,0.0}; 313
5; {199.5,87.5,0.0}; 313
0; {322.5,26.5,0.0}; 314
1; {321.5,39.5,0.0}; 314
2; {322.5,39.5,0.0}; 314
3; {322.5,39.5,0.0}; 314
4; {426.5,92.5,0.0}; 314
5; {197.5,87.5,0.0}; 314
0; {322.5,24.5,0.0}; 315
1; {321.5,37.5,0.0}; 315
2; {322.5,37.5,0.0}; 315
3; {322.5,37.5,0.0}; 315
4; {427.5,93.5,0.0}; 315
5; {195.5,87.5,0.0}; 315
0; {322.5,24.5,0.0}; 316
1; {321.5,35.5,0.0}; 316
2; {322.5,35.5,0.0}; 316
3; {322.5,35.5,0.0}; 316
4; {427.5,95.5,0.0}; 316
5; {193.5,87.5,0.0}; 316
0; {324.5,24.5,0.0}; 317
1; {321.5,33.5,0.0}; 317
2; {322.5,33.5,0.0}; 317
3; {322.5,33.5,0.0}; 317
4; {429.5,95.5,0.0}; 317
5; {191.5,87.5,0.0}; 317
0; {324.5,22.5,0.0}; 318
1; {321.5,31.5,0.0}; 318
2; {322.5,31.5,0.0}; 318
3; {322.5,31.5,0.0}; 318
4; {430.5,96.5,0.0}; 318
5; {189.5,87.5,0.0}; 318
0; {326.5,22.5,0.0}; 319
1; {321.5,29.5,0.0}; 319
2; {322.5,29.5,0.0}; 319
3; {322.5,29.5,0.0}; 319
4; {431.5,97.5,0.0}; 319
5; {187.5,87.5,0.0}; 319
0; {328.5,22.5,0.0}; 320
1; {321.5,27.5,0.0}; 320
2; {322.5,27.5,0.0}; 320
3; {322.5,27.5,0.0}; 320
4; {431.5,97.5,0.0}; 320
5; {185.5,87.5,0.0}; 320
0; {330.5,22.5,0.0}; 321
1; {321.5,25.5,0.0}; 321
2; {322.5,25.5,0.0}; 321
3; {322.5,25.5,0.0}; 321
4; {431.5,97.5,0.0}; 321
5; {183.5,87.5,0.0}; 321
0; {332.5,22.5,0.0}; 322
1; {322.5,24.5,0.0}; 322
2; {322.5,25.5,0.0}; 322
3; {322.5,25.5,0.0}; 322
4; {429.5,97.5,0.0}; 322
5; {183.5,87.5,0.0}; 322
0; {334.5,22.5,0.0}; 323
1; {322.5,24.5,0.0}; 323
2; {322.5,23.5,0.0}; 323
3; {322.5,23.5,0.0}; 323
4; {427.5,97.5,0.0}; 323
5; {183.5,87.5,0.0}; 323
0; {336.5,22.5,0.0}; 324
1; {324.5,24.5,0.0}; 324
2; {324.5,23.5,0.0}; 324
3; {324.5,23.5,0.0}; 324
4; {425.5,97.5,0.0}; 324
5; {181.5,87.5,0.0}; 324
0; {338.5,22.5,0.0}; 325
1; {324.5,22.5,0.0}; 325
2; {325.5,22.5,0.0}; 325
3; {325.5,22.5,0.0}; 325
4; {423.5,97.5,0.0}; 325
5; {179.5,87.5,0.0}; 325
0; {340.5,22.5,0.0}; 326
1; {326.5,22.5,0.0}; 326
2; {327.5,22.5,0.0}; 326
3; {327.5,22.5,0.0}; 326
4; {421.5,97.5,0.0}; 326
5; {179.5,87.5,0.0}; 326
0; {342.5,22.5,0.0}; 327
1; {328.5,22.5,0.0}; 327
2; {329.5,22.5,0.0}; 327
3; {329.5,22.5,0.0}; 327
4; {420.5,96.5,0.0}; 327
5; {177.5,87.5,0.0}; 327
0; {343.5,23.5,0.0}; 328
1; {330.5,22.5,0.0}; 328
2; {331.5,22.5,0.0}; 328
3; {331.5,22.5,0.0}; 328
4; {419.5,95.5,0.0}; 328
5; {175.5,87.5,0.0}; 328
0; {344.5,24.5,0.0}; 329
1; {332.5,22.5,0.0}; 329
2; {333.5,22.5,0.0}; 329
3; {333.5,22.5,0.0}; 329
4; {418.5,94.5,0.0}; 329
5; {173.5,87.5,0.0}; 329
0; {345.5,25.5,0.0}; 330
1; {334.5,22.5,0.0}; 330
2; {335.5,22.5,0.0}; 330
3; {335.5,22.5,0.0}; 330
4; {417.5,93.5,0.0}; 330
5; {171.5,87.5,0.0}; 330
0; {346.5,26.5,0.0}; 331
1; {336.5,22.5,0.0}; 331
2; {337.5,22.5,0.0}; 331
3; {337.5,22.5,0.0}; 331
4; {416.5,92.5,0.0}; 331
5; {169.5,87.5,0.0}; 331
0; {347.5,27.5,0.0}; 332
1; {338.5,22.5,0.0}; 332
2; {339.5,22.5,0.0}; 332
3; {339.5,22.5,0.0}; 332
4; {415.5,91.5,0.0}; 332
5; {167.5,87.5,0.0}; 332
0; {348.5,28.5,0.0}; 333
1; {340.5,22.5,0.0}; 333
2; {341.5,22.5,0.0}; 333
3; {341.5,22.5,0.0}; 333
4; {414.5,90.5,0.0}; 333
5; {165.5,87.5,0.0}; 333
0; {349.5,29.5,0.0}; 334
1; {342.5,22.5,0.0}; 334
2; {342.5,23.5,0.0}; 334
3; {343.5,22.5,0.0}; 334
4; {413.5,89.5,0.0}; 334
5; {163.5,87.5,0.0}; 334
0; {351.5,29.5,0.0}; 335
1; {343.5,23.5,0.0}; 335
2; {343.5,24.5,0.0}; 335
3; {344.5,23.5,0.0}; 335
4; {412.5,88.5,0.0}; 335
5; {161.5,87.5,0.0}; 335
0; {351.5,29.5,0.0}; 336
1; {344.5,24.5,0.0}; 336
2; {344.5,25.5,0.0}; 336
3; {345.5,24.5,0.0}; 336
4; {410.5,88.5,0.0}; 336
5; {159.5,87.5,0.0}; 336
0; {351.5,29.5,0.0}; 337
1; {345.5,25.5,0.0}; 337
2; {345.5,26.5,0.0}; 337
3; {346.5,25.5,0.0}; 337
4; {408.5,88.5,0.0}; 337
5; {157.5,87.5,0.0}; 337
0; {349.5,29.5,0.0}; 338
1; {346.5,26.5,0.0}; 338
2; {347.5,26.5,0.0}; 338
3; {346.5,27.5,0.0}; 338
4; {408.5,88.5,0.0}; 338
5; {155.5,87.5,0.0}; 338
0; {347.5,29.5,0.0}; 339
1; {347.5,27.5,0.0}; 339
2; {347.5,28.5,0.0}; 339
3; {347.5,28.5,0.0}; 339
4; {406.5,88.5,0.0}; 339
5; {153.5,87.5,0.0}; 339
0; {345.5,29.5,0.0}; 340
1; {348.5,28.5,0.0}; 340
2; {348.5,29.5,0.0}; 340
3; {348.5,29.5,0.0}; 340
4; {404.5,88.5,0.0}; 340
5; {151.5,87.5,0.0}; 340
0; {343.5,29.5,0.0}; 341
1; {349.5,29.5,0.0}; 341
2; {350.5,29.5,0.0}; 341
3; {350.5,29.5,0.0}; 341
4; {402.5,88.5,0.0}; 341
5; {151.5,87.5,0.0}; 341
0; {341.5,29.5,0.0}; 342
1; {351.5,29.5,0.0}; 342
2; {350.5,29.5,0.0}; 342
3; {350.5,29.5,0.0}; 342
4; {400.5,88.5,0.0}; 342
5; {151.5,87.5,0.0}; 342
0; {339.5,29.5,0.0}; 343
1; {351.5,29.5,0.0}; 343
2; {350.5,29.5,0.0}; 343
3; {350.5,29.5,0.0}; 343
4; {398.5,88.5,0.0}; 343
5; {151.5,89.5,0.0}; 343
0; {337.5,29.5,0.0}; 344
1; {351.5,29.5,0.0}; 344
2; {348.5,29.5,0.0}; 344
3; {348.5,29.5,0.0}; 344
4; {396.5,88.5,0.0}; 344
5; {151.5,91.5,0.0}; 344
0; {336.5,28.5,0.0}; 345
1; {349.5,29.5,0.0}; 345
2; {346.5,29.5,0.0}; 345
3; {346.5,29.5,0.0}; 345
4; {394.5,88.5,0.0}; 345
5; {151.5,93.5,0.0}; 345
0; {335.5,27.5,0.0}; 346
1; {347.5,29.5,0.0}; 346
2; {344.5,29.5,0.0}; 346
3; {344.5,29.5,0.0}; 346
4; {392.5,88.5,0.0}; 346
5; {151.5,95.5,0.0}; 346
0; {334.5,26.5,0.0}; 347
1; {345.5,29.5,0.0}; 347
2; {342.5,29.5,0.0}; 347
3; {342.5,29.5,0.0}; 347
4; {390.5,88.5,0.0}; 347
5; {151.5,97.5,0.0}; 347
0; {333.5,25.5,0.0}; 348
1; {343.5,29.5,0.0}; 348
2; {340.5,29.5,0.0}; 348
3; {340.5,29.5,0.0}; 348
4; {388.5,88.5,0.0}; 348
5; {151.5,99.5,0.0}; 348
0; {331.5,25.5,0.0}; 349
1; {341.5,29.5,0.0}; 349
2; {338.5,29.5,0.0}; 349
3; {338.5,29.5,0.0}; 349
4; {387.5,87.5,0.0}; 349
5; {151.5,101.5,0.0}; 349
0; {331.5,25.5,0.0}; 350
1; {339.5,29.5,0.0}; 350
2; {336.5,29.5,0.0}; 350
3; {336.5,29.5,0.0}; 350
4; {385.5,87.5,0.0}; 350
5; {151.5,103.5,0.0}; 350
0; {329.5,25.5,0.0}; 351
1; {337.5,29.5,0.0}; 351
2; {334.5,29.5,0.0}; 351
3; {334.5,29.5,0.0}; 351
4; {383.5,87.5,0.0}; 351
5; {149.5,103.5,0.0}; 351
0; {329.5,23.5,0.0}; 352
1; {335.5,29.5,0.0}; 352
2; {332.5,29.5,0.0}; 352
3; {332.5,29.5,0.0}; 352
4; {381.5,87.5,0.0}; 352
5; {149.5,105.5,0.0}; 352
0; {328.5,22.5,0.0}; 353
1; {333.5,29.5,0.0}; 353
2; {330.5,29.5,0.0}; 353
3; {330.5,29.5,0.0}; 353
4; {379.5,87.5,0.0}; 353
5; {148.5,106.5,0.0}; 353
0; {326.5,22.5,0.0}; 354
1; {331.5,29.5,0.0}; 354
2; {329.5,28.5,0.0}; 354
3; {329.5,28.5,0.0}; 354
4; {377.5,87.5,0.0}; 354
5; {146.5,106.5,0.0}; 354
0; {324.5,22.5,0.0}; 355
1; {329.5,29.5,0.0}; 355
2; {329.5,26.5,0.0}; 355
3; {329.5,26.5,0.0}; 355
4; {375.5,87.5,0.0}; 355
5; {146.5,108.5,0.0}; 355
0; {324.5,24.5,0.0}; 356
1; {329.5,27.5,0.0}; 356
2; {329.5,24.5,0.0}; 356
3; {329.5,24.5,0.0}; 356
4; {373.5,87.5,0.0}; 356
5; {144.5,108.5,0.0}; 356
0; {324.5,26.5,0.0}; 357
1; {329.5,25.5,0.0}; 357
2; {329.5,22.5,0.0}; 357
3; {329.5,22.5,0.0}; 357
4; {371.5,87.5,0.0}; 357
5; {143.5,109.5,0.0}; 357
0; {324.5,28.5,0.0}; 358
1; {329.5,23.5,0.0}; 358
2; {327.5,22.5,0.0}; 358
3; {327.5,22.5,0.0}; 358
4; {369.5,87.5,0.0}; 358
5; {143.5,111.5,0.0}; 358
0; {324.5,30.5,0.0}; 359
1; {328.5,22.5,0.0}; 359
2; {325.5,22.5,0.0}; 359
3; {325.5,22.5,0.0}; 359
4; {367.5,87.5,0.0}; 359
5; {143.5,111.5,0.0}; 359
0; {324.5,32.5,0.0}; 360
1; {326.5,22.5,0.0}; 360
2; {324.5,23.5,0.0}; 360
3; {324.5,23.5,0.0}; 360
4; {365.5,87.5,0.0}; 360
5; {143.5,111.5,0.0}; 360
0; {324.5,34.5,0.0}; 361
1; {324.5,22.5,0.0}; 361
2; {324.5,25.5,0.0}; 361
3; {324.5,25.5,0.0}; 361
4; {363.5,87.5,0.0}; 361
5; {142.5,112.5,0.0}; 361
0; {324.5,36.5,0.0}; 362
1; {324.5,24.5,0.0}; 362
2; {324.5,27.5,0.0}; 362
3; {324.5,27.5,0.0}; 362
4; {361.5,87.5,0.0}; 362
5; {142.5,112.5,0.0}; 362
0; {324.5,38.5,0.0}; 363
1; {324.5,26.5,0.0}; 363
2; {324.5,29.5,0.0}; 363
3; {324.5,29.5,0.0}; 363
4; {359.5,87.5,0.0}; 363
5; {142.5,114.5,0.0}; 363
0; {324.5,40.5,0.0}; 364
1; {324.5,28.5,0.0}; 364
2; {324.5,31.5,0.0}; 364
3; {324.5,31.5,0.0}; 364
4; {357.5,87.5,0.0}; 364
5; {140.5,114.5,0.0}; 364
0; {324.5,42.5,0.0}; 365
1; {324.5,30.5,0.0}; 365
2; {324.5,33.5,0.0}; 365
3; {324.5,33.5,0.0}; 365
4; {355.5,87.5,0.0}; 365
5; {138.5,114.5,0.0}; 365
0; {324.5,44.5,0.0}; 366
1; {324.5,32.5,0.0}; 366
2; {324.5,35.5,0.0}; 366
3; {324.5,35.5,0.0}; 366
4; {353.5,87.5,0.0}; 366
5; {136.5,114.5,0.0}; 366
0; {324.5,46.5,0.0}; 367
1; {324.5,34.5,0.0}; 367
2; {324.5,37.5,0.0}; 367
3; {324.5,37.5,0.0}; 367
4; {351.5,87.5,0.0}; 367
5; {134.5,114.5,0.0}; 367
0; {324.5,48.5,0.0}; 368
1; {324.5,36.5,0.0}; 368
2; {324.5,39.5,0.0}; 368
3; {324.5,39.5,0.0}; 368
4; {349.5,87.5,0.0}; 368
5; {132.5,114.5,0.0}; 368
0; {324.5,50.5,0.0}; 369
1; {324.5,38.5,0.0}; 369
2; {324.5,41.5,0.0}; 369
3; {324.5,41.5,0.0}; 369
4; {347.5,87.5,0.0}; 369
5; {130.5,114.5,0.0}; 369
0; {324.5,52.5,0.0}; 370
1; {324.5,40.5,0.0}; 370
2; {324.5,43.5,0.0}; 370
3; {324.5,43.5,0.0}; 370
4; {345.5,87.5,0.0}; 370
5; {128.5,114.5,0.0}; 370
0; {324.5,54.5,0.0}; 371
1; {324.5,42.5,0.0}; 371
2; {324.5,45.5,0.0}; 371
3; {324.5,45.5,0.0}; 371
4; {344.5,86.5,0.0}; 371
5; {126.5,114.5,0.0}; 371
0; {324.5,56.5,0.0}; 372
1; {324.5,44.5,0.0}; 372
2; {324.5,47.5,0.0}; 372
3; {324.5,47.5,0.0}; 372
4; {343.5,85.5,0.0}; 372
5; {124.5,114.5,0.0}; 372
0; {323.5,57.5,0.0}; 373
1; {324.5,46.5,0.0}; 373
2; {324.5,49.5,0.0}; 373
3; {324.5,49.5,0.0}; 373
4; {342.5,84.5,0.0}; 373
5; {122.5,114.5,0.0}; 373
0; {323.5,59.5,0.0}; 374
1; {324.5,48.5,0.0}; 374
2; {324.5,51.5,0.0}; 374
3; {324.5,51.5,0.0}; 374
4; {341.5,83.5,0.0}; 374
5; {120.5,114.5,0.0}; 374
0; {323.5,59.5,0.0}; 375
1; {324.5,50.5,0.0}; 375
2; {324.5,53.5,0.0}; 375
3; {324.5,53.5,0.0}; 375
4; {340.5,82.5,0.0}; 375
5; {118.5,114.5,0.0}; 375
0; {321.5,59.5,0.0}; 376
1; {324.5,52.5,0.0}; 376
2; {324.5,55.5,0.0}; 376
3; {324.5,55.5,0.0}; 376
4; {339.5,81.5,0.0}; 376
5; {116.5,114.5,0.0}; 376
0; {320.5,60.5,0.0}; 377
1; {324.5,54.5,0.0}; 377
2; {324.5,57.5,0.0}; 377
3; {324.5,57.5,0.0}; 377
4; {338.5,80.5,0.0}; 377
5; {114.5,114.5,0.0}; 377
0; {319.5,61.5,0.0}; 378
1; {324.5,56.5,0.0}; 378
2; {324.5,59.5,0.0}; 378
3; {324.5,59.5,0.0}; 378
4; {337.5,79.5,0.0}; 378
5; {112.5,114.5,0.0}; 378
0; {318.5,62.5,0.0}; 379
1; {324.5,58.5,0.0}; 379
2; {324.5,61.5,0.0}; 379
3; {324.5,61.5,0.0}; 379
4; {336.5,78.5,0.0}; 379
5; {110.5,114.5,0.0}; 379
0; {318.5,64.5,0.0}; 380
1; {324.5,60.5,0.0}; 380
2; {322.5,61.5,0.0}; 380
3; {322.5,61.5,0.0}; 380
4; {335.5,77.5,0.0}; 380
5; {108.5,114.5,0.0}; 380
0; {316.5,64.5,0.0}; 381
1; {323.5,61.5,0.0}; 381
2; {321.5,62.5,0.0}; 381
3; {321.5,62.5,0.0}; 381
4; {334.5,76.5,0.0}; 381
5; {106.5,114.5,0.0}; 381
0; {315.5,65.5,0.0}; 382
1; {322.5,61.5,0.0}; 382
2; {321.5,62.5,0.0}; 382
3; {321.5,62.5,0.0}; 382
4; {333.5,75.5,0.0}; 382
5; {104.5,114.5,0.0}; 382
0; {313.5,65.5,0.0}; 383
1; {322.5,61.5,0.0}; 383
2; {321.5,62.5,0.0}; 383
3; {321.5,62.5,0.0}; 383
4; {332.5,74.5,0.0}; 383
5; {102.5,114.5,0.0}; 383
0; {311.5,65.5,0.0}; 384
1; {322.5,61.5,0.0}; 384
2; {321.5,62.5,0.0}; 384
3; {321.5,62.5,0.0}; 384
4; {331.5,73.5,0.0}; 384
5; {100.5,114.5,0.0}; 384
0; {309.5,65.5,0.0}; 385
1; {322.5,61.5,0.0}; 385
2; {321.5,62.5,0.0}; 385
3; {321.5,62.5,0.0}; 385
4; {330.5,72.5,0.0}; 385
5; {100.5,114.5,0.0}; 385
0; {308.5,66.5,0.0}; 386
1; {322.5,61.5,0.0}; 386
2; {321.5,62.5,0.0}; 386
3; {321.5,62.5,0.0}; 386
4; {329.5,71.5,0.0}; 386
5; {100.5,114.5,0.0}; 386
0; {306.5,66.5,0.0}; 387
1; {322.5,61.5,0.0}; 387
2; {321.5,62.5,0.0}; 387
3; {321.5,62.5,0.0}; 387
4; {328.5,70.5,0.0}; 387
5; {100.5,112.5,0.0}; 387
0; {304.5,66.5,0.0}; 388
1; {322.5,61.5,0.0}; 388
2; {319.5,62.5,0.0}; 388
3; {319.5,62.5,0.0}; 388
4; {327.5,69.5,0.0}; 388
5; {100.5,110.5,0.0}; 388
0; {302.5,66.5,0.0}; 389
1; {321.5,62.5,0.0}; 389
2; {317.5,62.5,0.0}; 389
3; {317.5,62.5,0.0}; 389
4; {327.5,67.5,0.0}; 389
5; {100.5,108.5,0.0}; 389
0; {300.5,66.5,0.0}; 390
1; {321.5,64.5,0.0}; 390
2; {315.5,62.5,0.0}; 390
3; {315.5,62.5,0.0}; 390
4; {326.5,66.5,0.0}; 390
5; {100.5,106.5,0.0}; 390
0; {298.5,66.5,0.0}; 391
1; {321.5,66.5,0.0}; 391
2; {313.5,62.5,0.0}; 391
3; {313.5,62.5,0.0}; 391
4; {326.5,66.5,0.0}; 391
5; {100.5,104.5,0.0}; 391
0; {297.5,67.5,0.0}; 392
1; {323.5,66.5,0.0}; 392
2; {311.5,62.5,0.0}; 392
3; {311.5,62.5,0.0}; 392
4; {324.5,66.5,0.0}; 392
5; {100.5,102.5,0.0}; 392
0; {295.5,67.5,0.0}; 393
1; {325.5,66.5,0.0}; 393
2; {309.5,62.5,0.0}; 393
3; {309.5,62.5,0.0}; 393
4; {322.5,66.5,0.0}; 393
5; {100.5,100.5,0.0}; 393
0; {295.5,69.5,0.0}; 394
1; {325.5,66.5,0.0}; 394
2; {308.5,63.5,0.0}; 394
3; {308.5,63.5,0.0}; 394
4; {321.5,65.5,0.0}; 394
5; {100.5,98.5,0.0}; 394
0; {293.5,69.5,0.0}; 395
1; {325.5,66.5,0.0}; 395
2; {308.5,65.5,0.0}; 395
3; {308.5,65.5,0.0}; 395
4; {321.5,63.5,0.0}; 395
5; {99.5,97.5,0.0}; 395
0; {292.5,70.5,0.0}; 396
1; {325.5,66.5,0.0}; 396
2; {307.5,66.5,0.0}; 396
3; {307.5,66.5,0.0}; 396
4; {321.5,61.5,0.0}; 396
5; {98.5,96.5,0.0}; 396
0; {291.5,71.5,0.0}; 397
1; {325.5,66.5,0.0}; 397
2; {305.5,66.5,0.0}; 397
3; {305.5,66.5,0.0}; 397
4; {323.5,61.5,0.0}; 397
5; {96.5,96.5,0.0}; 397
0; {291.5,73.5,0.0}; 398
1; {325.5,66.5,0.0}; 398
2; {303.5,66.5,0.0}; 398
3; {303.5,66.5,0.0}; 398
4; {323.5,59.5,0.0}; 398
5; {95.5,95.5,0.0}; 398
0; {290.5,74.5,0.0}; 399
1; {325.5,66.5,0.0}; 399
2; {301.5,66.5,0.0}; 399
3; {301.5,66.5,0.0}; 399
4; {323.5,57.5,0.0}; 399
5; {95.5,93.5,0.0}; 399
0; {288.5,74.5,0.0}; 400
1; {323.5,66.5,0.0}; 400
2; {299.5,66.5,0.0}; 400
3; {299.5,66.5,0.0}; 400
4; {323.5,55.5,0.0}; 400
5; {93.5,93.5,0.0}; 400
0; {287.5,75.5,0.0}; 401
1; {323.5,66.5,0.0}; 401
2; {299.5,66.5,0.0}; 401
3; {299.5,66.5,0.0}; 401
4; {323.5,53.5,0.0}; 401
5; {93.5,91.5,0.0}; 401
0; {286.5,76.5,0.0}; 402
1; {323.5,66.5,0.0}; 402
2; {299.5,66.5,0.0}; 402
3; {299.5,66.5,0.0}; 402
4; {323.5,51.5,0.0}; 402
5; {92.5,90.5,0.0}; 402
0; {286.5,78.5,0.0}; 403
1; {323.5,67.5,0.0}; 403
2; {297.5,66.5,0.0}; 403
3; {297.5,66.5,0.0}; 403
4; {323.5,49.5,0.0}; 403
5; {90.5,90.5,0.0}; 403
0; {284.5,78.5,0.0}; 404
1; {323.5,67.5,0.0}; 404
2; {296.5,67.5,0.0}; 404
3; {296.5,67.5,0.0}; 404
4; {323.5,47.5,0.0}; 404
5; {89.5,89.5,0.0}; 404
0; {284.5,80.5,0.0}; 405
1; {322.5,67.5,0.0}; 405
2; {295.5,68.5,0.0}; 405
3; {295.5,68.5,0.0}; 405
4; {323.5,45.5,0.0}; 405
5; {89.5,87.5,0.0}; 405
0; {282.5,80.5,0.0}; 406
1; {321.5,67.5,0.0}; 406
2; {294.5,69.5,0.0}; 406
3; {294.5,69.5,0.0}; 406
4; {323.5,43.5,0.0}; 406
5; {89.5,87.5,0.0}; 406
0; {281.5,81.5,0.0}; 407
1; {319.5,67.5,0.0}; 407
2; {293.5,70.5,0.0}; 407
3; {293.5,70.5,0.0}; 407
4; {323.5,41.5,0.0}; 407
5; {89.5,87.5,0.0}; 407
0; {281.5,83.5,0.0}; 408
1; {317.5,67.5,0.0}; 408
2; {292.5,71.5,0.0}; 408
3; {292.5,71.5,0.0}; 408
4; {323.5,39.5,0.0}; 408
5; {91.5,87.5,0.0}; 408
0; {280.5,84.5,0.0}; 409
1; {315.5,67.5,0.0}; 409
2; {291.5,72.5,0.0}; 409
3; {291.5,72.5,0.0}; 409
4; {323.5,37.5,0.0}; 409
5; {93.5,87.5,0.0}; 409
0; {278.5,84.5,0.0}; 410
1; {313.5,67.5,0.0}; 410
2; {290.5,73.5,0.0}; 410
3; {290.5,73.5,0.0}; 410
4; {323.5,35.5,0.0}; 410
5; {95.5,87.5,0.0}; 410
0; {278.5,86.5,0.0}; 411
1; {311.5,67.5,0.0}; 411
2; {289.5,74.5,0.0}; 411
3; {289.5,74.5,0.0}; 411
4; {323.5,33.5,0.0}; 411
5; {97.5,87.5,0.0}; 411
0; {276.5,86.5,0.0}; 412
1; {309.5,67.5,0.0}; 412
2; {288.5,75.5,0.0}; 412
3; {288.5,75.5,0.0}; 412
4; {323.5,31.5,0.0}; 412
5; {99.5,87.5,0.0}; 412
0; {276.5,88.5,0.0}; 413
1; {307.5,67.5,0.0}; 413
2; {287.5,76.5,0.0}; 413
3; {287.5,76.5,0.0}; 413
4; {323.5,29.5,0.0}; 413
5; {101.5,87.5,0.0}; 413
0; {275.5,89.5,0.0}; 414
1; {305.5,67.5,0.0}; 414
2; {286.5,77.5,0.0}; 414
3; {286.5,77.5,0.0}; 414
4; {323.5,27.5,0.0}; 414
5; {103.5,87.5,0.0}; 414
0; {273.5,89.5,0.0}; 415
1; {303.5,67.5,0.0}; 415
2; {285.5,78.5,0.0}; 415
3; {285.5,78.5,0.0}; 415
4; {323.5,25.5,0.0}; 415
5; {104.5,88.5,0.0}; 415
0; {273.5,91.5,0.0}; 416
1; {301.5,67.5,0.0}; 416
2; {284.5,79.5,0.0}; 416
3; {284.5,79.5,0.0}; 416
4; {323.5,25.5,0.0}; 416
5; {105.5,89.5,0.0}; 416
0; {271.5,91.5,0.0}; 417
1; {299.5,67.5,0.0}; 417
2; {283.5,80.5,0.0}; 417
3; {283.5,80.5,0.0}; 417
4; {323.5,23.5,0.0}; 417
5; {106.5,90.5,0.0}; 417
0; {270.5,92.5,0.0}; 418
1; {297.5,67.5,0.0}; 418
2; {282.5,81.5,0.0}; 418
3; {282.5,81.5,0.0}; 418
4; {324.5,22.5,0.0}; 418
5; {107.5,91.5,0.0}; 418
0; {269.5,93.5,0.0}; 419
1; {296.5,68.5,0.0}; 419
2; {281.5,82.5,0.0}; 419
3; {281.5,82.5,0.0}; 419
4; {326.5,22.5,0.0}; 419
5; {109.5,91.5,0.0}; 419
0; {268.5,94.5,0.0}; 420
1; {295.5,69.5,0.0}; 420
2; {280.5,83.5,0.0}; 420
3; {280.5,83.5,0.0}; 420
4; {328.5,22.5,0.0}; 420
5; {110.5,92.5,0.0}; 420
0; {268.5,96.5,0.0}; 421
1; {293.5,69.5,0.0}; 421
2; {279.5,84.5,0.0}; 421
3; {279.5,84.5,0.0}; 421
4; {330.5,22.5,0.0}; 421
5; {110.5,94.5,0.0}; 421
0; {267.5,97.5,0.0}; 422
1; {292.5,70.5,0.0}; 422
2; {278.5,85.5,0.0}; 422
3; {278.5,85.5,0.0}; 422
4; {332.5,22.5,0.0}; 422
5; {111.5,95.5,0.0}; 422
0; {265.5,97.5,0.0}; 423
1; {291.5,71.5,0.0}; 423
2; {277.5,86.5,0.0}; 423
3; {277.5,86.5,0.0}; 423
4; {334.5,22.5,0.0}; 423
5; {112.5,96.5,0.0}; 423
0; {264.5,98.5,0.0}; 424
1; {290.5,72.5,0.0}; 424
2; {276.5,87.5,0.0}; 424
3; {276.5,87.5,0.0}; 424
4; {336.5,22.5,0.0}; 424
5; {113.5,97.5,0.0}; 424
0; {263.5,99.5,0.0}; 425
1; {290.5,74.5,0.0}; 425
2; {275.5,88.5,0.0}; 425
3; {275.5,88.5,0.0}; 425
4; {338.5,22.5,0.0}; 425
5; {115.5,97.5,0.0}; 425
0; {262.5,100.5,0.0}; 426
1; {289.5,75.5,0.0}; 426
2; {274.5,89.5,0.0}; 426
3; {274.5,89.5,0.0}; 426
4; {340.5,22.5,0.0}; 426
5; {116.5,98.5,0.0}; 426
0; {261.5,101.5,0.0}; 427
1; {288.5,76.5,0.0}; 427
2; {273.5,90.5,0.0}; 427
3; {273.5,90.5,0.0}; 427
4; {342.5,22.5,0.0}; 427
5; {117.5,99.5,0.0}; 427
0; {260.5,102.5,0.0}; 428
1; {286.5,76.5,0.0}; 428
2; {272.5,91.5,0.0}; 428
3; {272.5,91.5,0.0}; 428
4; {344.5,22.5,0.0}; 428
5; {118.5,100.5,0.0}; 428
0; {260.5,104.5,0.0}; 429
1; {285.5,77.5,0.0}; 429
2; {271.5,92.5,0.0}; 429
3; {271.5,92.5,0.0}; 429
4; {346.5,22.5,0.0}; 429
5; {119.5,101.5,0.0}; 429
0; {259.5,105.5,0.0}; 430
1; {284.5,78.5,0.0}; 430
2; {270.5,93.5,0.0}; 430
3; {270.5,93.5,0.0}; 430
4; {348.5,22.5,0.0}; 430
5; {120.5,102.5,0.0}; 430
0; {257.5,105.5,0.0}; 431
1; {284.5,80.5,0.0}; 431
2; {269.5,94.5,0.0}; 431
3; {269.5,94.5,0.0}; 431
4; {350.5,22.5,0.0}; 431
5; {121.5,103.5,0.0}; 431
0; {256.5,106.5,0.0}; 432
1; {282.5,80.5,0.0}; 432
2; {268.5,95.5,0.0}; 432
3; {268.5,95.5,0.0}; 432
4; {352.5,22.5,0.0}; 432
5; {121.5,105.5,0.0}; 432
0; {255.5,107.5,0.0}; 433
1; {282.5,82.5,0.0}; 433
2; {267.5,96.5,0.0}; 433
3; {267.5,96.5,0.0}; 433
4; {353.5,23.5,0.0}; 433
5; {122.5,106.5,0.0}; 433
0; {254.5,108.5,0.0}; 434
1; {281.5,83.5,0.0}; 434
2; {266.5,97.5,0.0}; 434
3; {266.5,97.5,0.0}; 434
4; {354.5,24.5,0.0}; 434
5; {124.5,106.5,0.0}; 434
0; {253.5,109.5,0.0}; 435
1; {280.5,84.5,0.0}; 435
2; {265.5,98.5,0.0}; 435
3; {265.5,98.5,0.0}; 435
4; {355.5,25.5,0.0}; 435
5; {124.5,108.5,0.0}; 435
0; {253.5,111.5,0.0}; 436
1; {278.5,84.5,0.0}; 436
2; {264.5,99.5,0.0}; 436
3; {264.5,99.5,0.0}; 436
4; {356.5,26.5,0.0}; 436
5; {126.5,108.5,0.0}; 436
0; {252.5,112.5,0.0}; 437
1; {278.5,86.5,0.0}; 437
2; {263.5,100.5,0.0}; 437
3; {263.5,100.5,0.0}; 437
4; {357.5,27.5,0.0}; 437
5; {126.5,110.5,0.0}; 437
0; {250.5,112.5,0.0}; 438
1; {276.5,86.5,0.0}; 438
2; {262.5,101.5,0.0}; 438
3; {262.5,101.5,0.0}; 438
4; {357.5,29.5,0.0}; 438
5; {127.5,111.5,0.0}; 438
0; {249.5,113.5,0.0}; 439
1; {275.5,87.5,0.0}; 439
2; {261.5,102.5,0.0}; 439
3; {261.5,102.5,0.0}; 439
4; {357.5,29.5,0.0}; 439
5; {129.5,111.5,0.0}; 439
0; {249.5,115.5,0.0}; 440
1; {275.5,89.5,0.0}; 440
2; {260.5,103.5,0.0}; 440
3; {260.5,103.5,0.0}; 440
4; {357.5,29.5,0.0}; 440
5; {129.5,113.5,0.0}; 440
0; {248.5,116.5,0.0}; 441
1; {273.5,89.5,0.0}; 441
2; {259.5,104.5,0.0}; 441
3; {259.5,104.5,0.0}; 441
4; {355.5,29.5,0.0}; 441
5; {131.5,113.5,0.0}; 441
0; {246.5,116.5,0.0}; 442
1; {273.5,91.5,0.0}; 442
2; {258.5,105.5,0.0}; 442
3; {258.5,105.5,0.0}; 442
4; {353.5,29.5,0.0}; 442
5; {131.5,113.5,0.0}; 442
0; {245.5,117.5,0.0}; 443
1; {272.5,92.5,0.0}; 443
2; {257.5,106.5,0.0}; 443
3; {257.5,106.5,0.0}; 443
4; {351.5,29.5,0.0}; 443
5; {133.5,113.5,0.0}; 443
0; {245.5,119.5,0.0}; 444
1; {270.5,92.5,0.0}; 444
2; {256.5,107.5,0.0}; 444
3; {256.5,107.5,0.0}; 444
4; {349.5,29.5,0.0}; 444
5; {135.5,113.5,0.0}; 444
0; {244.5,120.5,0.0}; 445
1; {269.5,93.5,0.0}; 445
2; {255.5,108.5,0.0}; 445
3; {255.5,108.5,0.0}; 445
4; {347.5,29.5,0.0}; 445
5; {137.5,113.5,0.0}; 445
0; {243.5,121.5,0.0}; 446
1; {269.5,95.5,0.0}; 446
2; {254.5,109.5,0.0}; 446
3; {254.5,109.5,0.0}; 446
4; {345.5,29.5,0.0}; 446
5; {139.5,113.5,0.0}; 446
0; {242.5,122.5,0.0}; 447
1; {267.5,95.5,0.0}; 447
2; {253.5,110.5,0.0}; 447
3; {253.5,110.5,0.0}; 447
4; {343.5,29.5,0.0}; 447
5; {141.5,113.5,0.0}; 447
0; {240.5,122.5,0.0}; 448
1; {267.5,97.5,0.0}; 448
2; {252.5,111.5,0.0}; 448
3; {252.5,111.5,0.0}; 448
4; {341.5,29.5,0.0}; 448
5; {143.5,113.5,0.0}; 448
0; {240.5,124.5,0.0}; 449
1; {265.5,97.5,0.0}; 449
2; {251.5,112.5,0.0}; 449
3; {251.5,112.5,0.0}; 449
4; {339.5,29.5,0.0}; 449
5; {145.5,113.5,0.0}; 449
0; {239.5,125.5,0.0}; 450
1; {264.5,98.5,0.0}; 450
2; {250.5,113.5,0.0}; 450
3; {250.5,113.5,0.0}; 450
4; {337.5,29.5,0.0}; 450
5; {147.5,113.5,0.0}; 450
0; {237.5,125.5,0.0}; 451
1; {264.5,100.5,0.0}; 451
2; {249.5,114.5,0.0}; 451
3; {249.5,114.5,0.0}; 451
4; {336.5,28.5,0.0}; 451
5; {149.5,113.5,0.0}; 451
0; {236.5,126.5,0.0}; 452
1; {263.5,101.5,0.0}; 452
2; {248.5,115.5,0.0}; 452
3; {248.5,115.5,0.0}; 452
4; {335.5,27.5,0.0}; 452
5; {151.5,113.5,0.0}; 452
0; {236.5,128.5,0.0}; 453
1; {262.5,102.5,0.0}; 453
2; {247.5,116.5,0.0}; 453
3; {247.5,116.5,0.0}; 453
4; {334.5,26.5,0.0}; 453
5; {153.5,113.5,0.0}; 453
0; {234.5,128.5,0.0}; 454
1; {260.5,102.5,0.0}; 454
2; {246.5,117.5,0.0}; 454
3; {246.5,117.5,0.0}; 454
4; {333.5,25.5,0.0}; 454
5; {155.5,113.5,0.0}; 454
0; {233.5,129.5,0.0}; 455
1; {259.5,103.5,0.0}; 455
2; {245.5,118.5,0.0}; 455
3; {245.5,118.5,0.0}; 455
4; {331.5,25.5,0.0}; 455
5; {157.5,113.5,0.0}; 455
0; {232.5,130.5,0.0}; 456
1; {259.5,105.5,0.0}; 456
2; {244.5,119.5,0.0}; 456
3; {244.5,119.5,0.0}; 456
4; {331.5,25.5,0.0}; 456
5; {159.5,113.5,0.0}; 456
0; {231.5,131.5,0.0}; 457
1; {257.5,105.5,0.0}; 457
2; {243.5,120.5,0.0}; 457
3; {243.5,120.5,0.0}; 457
4; {329.5,25.5,0.0}; 457
5; {161.5,113.5,0.0}; 457
0; {231.5,133.5,0.0}; 458
1; {256.5,106.5,0.0}; 458
2; {242.5,121.5,0.0}; 458
3; {242.5,121.5,0.0}; 458
4; {329.5,23.5,0.0}; 458
5; {162.5,114.5,0.0}; 458
0; {229.5,133.5,0.0}; 459
1; {256.5,108.5,0.0}; 459
2; {241.5,122.5,0.0}; 459
3; {241.5,122.5,0.0}; 459
4; {328.5,22.5,0.0}; 459
5; {163.5,115.5,0.0}; 459
0; {227.5,133.5,0.0}; 460
1; {255.5,109.5,0.0}; 460
2; {240.5,123.5,0.0}; 460
3; {240.5,123.5,0.0}; 460
4; {326.5,22.5,0.0}; 460
5; {165.5,115.5,0.0}; 460
0; {227.5,133.5,0.0}; 461
1; {253.5,109.5,0.0}; 461
2; {239.5,124.5,0.0}; 461
3; {239.5,124.5,0.0}; 461
4; {324.5,22.5,0.0}; 461
5; {165.5,117.5,0.0}; 461
0; {227.5,133.5,0.0}; 462
1; {252.5,110.5,0.0}; 462
2; {238.5,125.5,0.0}; 462
3; {238.5,125.5,0.0}; 462
4; {324.5,24.5,0.0}; 462
5; {166.5,118.5,0.0}; 462
0; {227.5,135.5,0.0}; 463
1; {251.5,111.5,0.0}; 463
2; {237.5,126.5,0.0}; 463
3; {237.5,126.5,0.0}; 463
4; {324.5,26.5,0.0}; 463
5; {167.5,119.5,0.0}; 463
0; {226.5,136.5,0.0}; 464
1; {251.5,113.5,0.0}; 464
2; {236.5,127.5,0.0}; 464
3; {236.5,127.5,0.0}; 464
4; {324.5,28.5,0.0}; 464
5; {168.5,120.5,0.0}; 464
0; {225.5,137.5,0.0}; 465
1; {250.5,114.5,0.0}; 465
2; {235.5,128.5,0.0}; 465
3; {235.5,128.5,0.0}; 465
4; {324.5,30.5,0.0}; 465
5; {169.5,121.5,0.0}; 465
0; {225.5,139.5,0.0}; 466
1; {248.5,114.5,0.0}; 466
2; {234.5,129.5,0.0}; 466
3; {234.5,129.5,0.0}; 466
4; {324.5,32.5,0.0}; 466
5; {170.5,122.5,0.0}; 466
0; {225.5,141.5,0.0}; 467
1; {247.5,115.5,0.0}; 467
2; {233.5,130.5,0.0}; 467
3; {233.5,130.5,0.0}; 467
4; {324.5,34.5,0.0}; 467
5; {171.5,123.5,0.0}; 467
0; {225.5,143.5,0.0}; 468
1; {247.5,117.5,0.0}; 468
2; {232.5,131.5,0.0}; 468
3; {232.5,131.5,0.0}; 468
4; {324.5,36.5,0.0}; 468
5; {172.5,124.5,0.0}; 468
0; {225.5,145.5,0.0}; 469
1; {246.5,118.5,0.0}; 469
2; {231.5,132.5,0.0}; 469
3; {231.5,132.5,0.0}; 469
4; {324.5,38.5,0.0}; 469
5; {173.5,125.5,0.0}; 469
0; {225.5,147.5,0.0}; 470
1; {244.5,118.5,0.0}; 470
2; {230.5,133.5,0.0}; 470
3; {230.5,133.5,0.0}; 470
4; {324.5,40.5,0.0}; 470
5; {174.5,126.5,0.0}; 470
0; {225.5,149.5,0.0}; 471
1; {244.5,120.5,0.0}; 471
2; {228.5,133.5,0.0}; 471
3; {228.5,133.5,0.0}; 471
4; {324.5,42.5,0.0}; 471
5; {175.5,127.5,0.0}; 471
0; {225.5,151.5,0.0}; 472
1; {243.5,121.5,0.0}; 472
2; {228.5,133.5,0.0}; 472
3; {228.5,133.5,0.0}; 472
4; {324.5,44.5,0.0}; 472
5; {176.5,128.5,0.0}; 472
0; {225.5,153.5,0.0}; 473
1; {242.5,122.5,0.0}; 473
2; {228.5,133.5,0.0}; 473
3; {228.5,133.5,0.0}; 473
4; {324.5,46.5,0.0}; 473
5; {177.5,129.5,0.0}; 473
0; {225.5,155.5,0.0}; 474
1; {240.5,122.5,0.0}; 474
2; {228.5,135.5,0.0}; 474
3; {228.5,135.5,0.0}; 474
4; {324.5,48.5,0.0}; 474
5; {178.5,130.5,0.0}; 474
0; {225.5,157.5,0.0}; 475
1; {239.5,123.5,0.0}; 475
2; {227.5,136.5,0.0}; 475
3; {227.5,136.5,0.0}; 475
4; {324.5,50.5,0.0}; 475
5; {179.5,131.5,0.0}; 475
0; {225.5,159.5,0.0}; 476
1; {239.5,125.5,0.0}; 476
2; {225.5,136.5,0.0}; 476
3; {225.5,136.5,0.0}; 476
4; {324.5,52.5,0.0}; 476
5; {180.5,132.5,0.0}; 476
0; {225.5,161.5,0.0}; 477
1; {238.5,126.5,0.0}; 477
2; {225.5,138.5,0.0}; 477
3; {225.5,138.5,0.0}; 477
4; {324.5,54.5,0.0}; 477
5; {181.5,133.5,0.0}; 477
0; {225.5,163.5,0.0}; 478
1; {236.5,126.5,0.0}; 478
2; {225.5,140.5,0.0}; 478
3; {225.5,140.5,0.0}; 478
4; {324.5,56.5,0.0}; 478
5; {183.5,133.5,0.0}; 478
0; {225.5,165.5,0.0}; 479
1; {235.5,127.5,0.0}; 479
2; {225.5,142.5,0.0}; 479
3; {225.5,142.5,0.0}; 479
4; {324.5,58.5,0.0}; 479
5; {183.5,133.5,0.0}; 479
0; {225.5,167.5,0.0}; 480
1; {234.5,128.5,0.0}; 480
2; {225.5,144.5,0.0}; 480
3; {225.5,144.5,0.0}; 480
4; {324.5,58.5,0.0}; 480
5; {183.5,133.5,0.0}; 480
0; {225.5,169.5,0.0}; 481
1; {233.5,129.5,0.0}; 481
2; {225.5,146.5,0.0}; 481
3; {225.5,146.5,0.0}; 481
4; {324.5,60.5,0.0}; 481
5; {183.5,135.5,0.0}; 481
0; {225.5,171.5,0.0}; 482
1; {233.5,131.5,0.0}; 482
2; {225.5,148.5,0.0}; 482
3; {225.5,148.5,0.0}; 482
4; {322.5,60.5,0.0}; 482
5; {184.5,136.5,0.0}; 482
0; {225.5,173.5,0.0}; 483
1; {232.5,132.5,0.0}; 483
2; {225.5,150.5,0.0}; 483
3; {225.5,150.5,0.0}; 483
4; {321.5,61.5,0.0}; 483
5; {186.5,136.5,0.0}; 483
0; {225.5,175.5,0.0}; 484
1; {231.5,133.5,0.0}; 484
2; {225.5,152.5,0.0}; 484
3; {225.5,152.5,0.0}; 484
4; {321.5,63.5,0.0}; 484
5; {187.5,137.5,0.0}; 484
0; {225.5,177.5,0.0}; 485
1; {229.5,133.5,0.0}; 485
2; {225.5,154.5,0.0}; 485
3; {225.5,154.5,0.0}; 485
4; {320.5,64.5,0.0}; 485
5; {187.5,139.5,0.0}; 485
0; {225.5,179.5,0.0}; 486
1; {227.5,133.5,0.0}; 486
2; {225.5,156.5,0.0}; 486
3; {225.5,156.5,0.0}; 486
4; {318.5,64.5,0.0}; 486
5; {187.5,141.5,0.0}; 486
0; {225.5,181.5,0.0}; 487
1; {227.5,133.5,0.0}; 487
2; {225.5,158.5,0.0}; 487
3; {225.5,158.5,0.0}; 487
4; {316.5,64.5,0.0}; 487
5; {187.5,143.5,0.0}; 487
0; {225.5,183.5,0.0}; 488
1; {227.5,133.5,0.0}; 488
2; {225.5,160.5,0.0}; 488
3; {225.5,160.5,0.0}; 488
4; {314.5,64.5,0.0}; 488
5; {187.5,145.5,0.0}; 488
0; {225.5,185.5,0.0}; 489
1; {227.5,135.5,0.0}; 489
2; {225.5,162.5,0.0}; 489
3; {225.5,162.5,0.0}; 489
4; {312.5,64.5,0.0}; 489
5; {187.5,147.5,0.0}; 489
0; {225.5,187.5,0.0}; 490
1; {226.5,136.5,0.0}; 490
2; {225.5,164.5,0.0}; 490
3; {225.5,164.5,0.0}; 490
4; {310.5,64.5,0.0}; 490
5; {187.5,149.5,0.0}; 490
0; {225.5,189.5,0.0}; 491
1; {225.5,137.5,0.0}; 491
2; {225.5,166.5,0.0}; 491
3; {225.5,166.5,0.0}; 491
4; {308.5,64.5,0.0}; 491
5; {187.5,151.5,0.0}; 491
0; {225.5,191.5,0.0}; 492
1; {225.5,139.5,0.0}; 492
2; {225.5,168.5,0.0}; 492
3; {225.5,168.5,0.0}; 492
4; {308.5,66.5,0.0}; 492
5; {187.5,153.5,0.0}; 492
0; {225.5,193.5,0.0}; 493
1; {225.5,141.5,0.0}; 493
2; {225.5,170.5,0.0}; 493
3; {225.5,170.5,0.0}; 493
4; {306.5,66.5,0.0}; 493
5; {187.5,155.5,0.0}; 493
1; {225.5,143.5,0.0}; 494
2; {225.5,172.5,0.0}; 494
3; {225.5,172.5,0.0}; 494
4; {304.5,66.5,0.0}; 494
5; {187.5,157.5,0.0}; 494
1; {225.5,145.5,0.0}; 495
2; {225.5,174.5,0.0}; 495
3; {225.5,174.5,0.0}; 495
4; {302.5,66.5,0.0}; 495
5; {187.5,159.5,0.0}; 495
1; {225.5,147.5,0.0}; 496
2; {225.5,176.5,0.0}; 496
3; {225.5,176.5,0.0}; 496
4; {300.5,66.5,0.0}; 496
5; {187.5,161.5,0.0}; 496
1; {225.5,149.5,0.0}; 497
2; {225.5,178.5,0.0}; 497
3; {225.5,178.5,0.0}; 497
4; {298.5,66.5,0.0}; 497
5; {189.5,161.5,0.0}; 497
1; {225.5,151.5,0.0}; 498
2; {225.5,180.5,0.0}; 498
3; {225.5,180.5,0.0}; 498
4; {296.5,66.5,0.0}; 498
5; {189.5,163.5,0.0}; 498
1; {225.5,153.5,0.0}; 499
2; {225.5,182.5,0.0}; 499
3; {225.5,182.5,0.0}; 499
4; {295.5,67.5,0.0}; 499
5; {191.5,163.5,0.0}; 499
1; {225.5,155.5,0.0}; 500
2; {225.5,184.5,0.0}; 500
3; {225.5,184.5,0.0}; 500
4; {295.5,69.5,0.0}; 500
5; {191.5,165.5,0.0}; 500
1; {225.5,157.5,0.0}; 501
2; {225.5,186.5,0.0}; 501
3; {225.5,186.5,0.0}; 501
4; {293.5,69.5,0.0}; 501
5; {192.5,166.5,0.0}; 501
1; {225.5,159.5,0.0}; 502
2; {225.5,188.5,0.0}; 502
3; {225.5,188.5,0.0}; 502
4; {292.5,70.5,0.0}; 502
5; {193.5,167.5,0.0}; 502
1; {225.5,161.5,0.0}; 503
2; {225.5,190.5,0.0}; 503
3; {225.5,190.5,0.0}; 503
4; {291.5,71.5,0.0}; 503
5; {195.5,167.5,0.0}; 503
1; {225.5,163.5,0.0}; 504
2; {225.5,192.5,0.0}; 504
3; {225.5,192.5,0.0}; 504
4; {291.5,73.5,0.0}; 504
5; {195.5,169.5,0.0}; 504
1; {225.5,165.5,0.0}; 505
2; {225.5,194.5,0.0}; 505
3; {225.5,194.5,0.0}; 505
4; {290.5,74.5,0.0}; 505
5; {197.5,169.5,0.0}; 505
1; {225.5,167.5,0.0}; 506
4; {289.5,75.5,0.0}; 506
5; {198.5,170.5,0.0}; 506
1; {225.5,169.5,0.0}; 507
4; {288.5,76.5,0.0}; 507
5; {199.5,171.5,0.0}; 507
1; {225.5,171.5,0.0}; 508
4; {287.5,77.5,0.0}; 508
5; {200.5,172.5,0.0}; 508
1; {225.5,173.5,0.0}; 509
4; {286.5,78.5,0.0}; 509
5; {201.5,173.5,0.0}; 509
1; {225.5,175.5,0.0}; 510
4; {285.5,79.5,0.0}; 510
5; {201.5,175.5,0.0}; 510
1; {225.5,177.5,0.0}; 511
4; {283.5,79.5,0.0}; 511
5; {203.5,175.5,0.0}; 511
1; {225.5,179.5,0.0}; 512
4; {283.5,81.5,0.0}; 512
5; {203.5,177.5,0.0}; 512
1; {225.5,181.5,0.0}; 513
4; {282.5,82.5,0.0}; 513
5; {204.5,178.5,0.0}; 513
1; {225.5,183.5,0.0}; 514
4; {281.5,83.5,0.0}; 514
5; {205.5,179.5,0.0}; 514
1; {225.5,185.5,0.0}; 515
4; {279.5,83.5,0.0}; 515
5; {207.5,179.5,0.0}; 515
1; {225.5,187.5,0.0}; 516
4; {278.5,84.5,0.0}; 516
5; {208.5,180.5,0.0}; 516
1; {225.5,189.5,0.0}; 517
4; {277.5,85.5,0.0}; 517
5; {209.5,181.5,0.0}; 517
1; {225.5,191.5,0.0}; 518
4; {277.5,87.5,0.0}; 518
5; {209.5,183.5,0.0}; 518
1; {225.5,193.5,0.0}; 519
4; {275.5,87.5,0.0}; 519
5; {211.5,183.5,0.0}; 519
4; {274.5,88.5,0.0}; 520
5; {211.5,185.5,0.0}; 520
4; {274.5,90.5,0.0}; 521
5; {212.5,186.5,0.0}; 521
4; {273.5,91.5,0.0}; 522
5; {214.5,186.5,0.0}; 522
4; {271.5,91.5,0.0}; 523
5; {214.5,188.5,0.0}; 523
4; {270.5,92.5,0.0}; 524
5; {215.5,189.5,0.0}; 524
4; {270.5,94.5,0.0}; 525
5; {216.5,190.5,0.0}; 525
4; {268.5,94.5,0.0}; 526
5; {217.5,191.5,0.0}; 526
4; {268.5,96.5,0.0}; 527
5; {219.5,191.5,0.0}; 527
4; {266.5,96.5,0.0}; 528
5; {219.5,193.5,0.0}; 528
4; {266.5,98.5,0.0}; 529
4; {264.5,98.5,0.0}; 530
4; {264.5,100.5,0.0}; 531
4; {262.5,100.5,0.0}; 532
4; {261.5,101.5,0.0}; 533
4; {261.5,103.5,0.0}; 534
4; {260.5,104.5,0.0}; 535
4; {259.5,105.5,0.0}; 536
4; {257.5,105.5,0.0}; 537
4; {257.5,107.5,0.0}; 538
4; {256.5,108.5,0.0}; 539
4; {255.5,109.5,0.0}; 540
4; {253.5,109.5,0.0}; 541
4; {252.5,110.5,0.0}; 542
4; {252.5,112.5,0.0}; 543
4; {250.5,112.5,0.0}; 544
4; {250.5,114.5,0.0}; 545
4; {249.5,115.5,0.0}; 546
4; {248.5,116.5,0.0}; 547
4; {246.5,116.5,0.0}; 548
4; {246.5,118.5,0.0}; 549
4; {244.5,118.5,0.0}; 550
4; {244.5,120.5,0.0}; 551
4; {243.5,121.5,0.0}; 552
4; {241.5,121.5,0.0}; 553
4; {240.5,122.5,0.0}; 554
4; {239.5,123.5,0.0}; 555
4; {238.5,124.5,0.0}; 556
4; {238.5,126.5,0.0}; 557
4; {237.5,127.5,0.0}; 558
4; {235.5,127.5,0.0}; 559
4; {234.5,128.5,0.0}; 560
4; {234.5,130.5,0.0}; 561
4; {233.5,131.5,0.0}; 562
4; {232.5,132.5,0.0}; 563
4; {231.5,133.5,0.0}; 564
4; {229.5,133.5,0.0}; 565
4; {227.5,133.5,0.0}; 566
4; {227.5,133.5,0.0}; 567
4; {227.5,133.5,0.0}; 568
4; {227.5,135.5,0.0}; 569
4; {226.5,136.5,0.0}; 570
4; {225.5,137.5,0.0}; 571
4; {225.5,139.5,0.0}; 572
4; {225.5,141.5,0.0}; 573
4; {225.5,143.5,0.0}; 574
4; {225.5,145.5,0.0}; 575
4; {225.5,147.5,0.0}; 576
4; {225.5,149.5,0.0}; 577
4; {225.5,151.5,0.0}; 578
4; {225.5,153.5,0.0}; 579
4; {225.5,155.5,0.0}; 580
4; {225.5,157.5,0.0}; 581
4; {225.5,159.5,0.0}; 582
4; {225.5,161.5,0.0}; 583
4; {225.5,163.5,0.0}; 584
4; {225.5,165.5,0.0}; 585
4; {225.5,167.5,0.0}; 586
4; {225.5,169.5,0.0}; 587
4; {225.5,171.5,0.0}; 588
4; {225.5,173.5,0.0}; 589
4; {225.5,175.5,0.0}; 590
4; {225.5,177.5,0.0}; 591
4; {225.5,179.5,0.0}; 592
4; {225.5,181.5,0.0}; 593
4; {225.5,183.5,0.0}; 594
4; {225.5,185.5,0.0}; 595
4; {225.5,187.5,0.0}; 596
4; {225.5,189.5,0.0}; 597
4; {225.5,191.5,0.0}; 598
4; {225.5,193.5,0.0}; 599
